freqAC, 0.128641088156, 0.0893397513583, 0.000223923969939
freqAT, 0.0619608765701, 0.0430311138227, 0.000107854540578
freqAG, 0.186160657, 0.129286428212, 0.000324047580437
freqCA, 0.121169995865, 0.135928110713, 0.000337237961768
freqCT, 0.104727176811, 0.117482609309, 0.000291474629485
freqCG, 0.0229123002124, 0.0257029445097, 6.37690656659e-05
freqTA, 0.0246945264269, 0.0348308296112, 8.74672928759e-05
freqTC, 0.136169211686, 0.192062262241, 0.000482307379106
freqTG, 0.0296384219456, 0.041804034096, 0.000104978426712
freqGA, 0.105671756705, 0.109467232277, 0.000276171319785
freqGC, 0.0349423271597, 0.036197371585, 9.13211714176e-05
freqGT, 0.0433116614626, 0.0448673122645, 0.00011319428276