freqCT, 0.0890311510032, 0.129057938589, 0.000199335430353
freqGA, 0.22550011733, 0.171825769013, 0.000277158467668
freqTC, 0.170472544879, 0.254522961995, 0.000403566726443
freqAG, 0.170985861786, 0.119924665161, 0.000183826669891
freqGT, 0.056310864719, 0.0429075503316, 6.9210753251e-05
freqCA, 0.0245292150651, 0.0355571044049, 5.49194477005e-05
freqGC, 0.0697304352927, 0.0531329464909, 8.57045256757e-05
freqTA, 0.0244045523877, 0.0364370636004, 5.77739091325e-05
freqAT, 0.060879385193, 0.042699085224, 6.54513450886e-05
freqCG, 0.0144315381908, 0.0209196955064, 3.23113521897e-05
freqAC, 0.0592661034847, 0.0415675748952, 6.37169080952e-05
freqTG, 0.03445823067, 0.0514476447891, 8.15743987421e-05