,coverage,piN,piS,piStop
0,0,0,0,0
1,0,0,0,0
2,4,0,0,0
3,131,0,0,0
4,4284,4,2,0
5,5646,8,2,0
6,8652,6,6,0
7,21334,36,10,3
8,23045,24,2,2
9,30463,43,3,2
10,33772,58,8,0
11,37571,81,15,0
12,37925,49,6,10
13,38802,47,35,2
14,39087,73,23,3
15,41340,60,17,7
16,45019,89,26,1
17,46544,86,12,13
18,48192,73,31,19
19,48605,95,9,3
20,50759,81,25,20
21,51478,107,20,4
22,52272,152,9,5
23,54239,51,6,8
24,56351,1933,20,25
25,57077,1891,8,1023
26,57377,2391,6,516
27,57672,2896,12,10
28,61565,2934,7,9
29,62035,2977,14,0
30,66176,2864,55,76
31,67996,2358,4,580
32,70188,2414,16,512
33,70442,1643,29,1241
34,70554,2850,28,29
35,70230,2810,138,24
36,75495,1685,34,3
37,77544,225,1507,5
38,76639,3397,52,0
39,81385,3357,85,10
40,82323,3417,50,5
41,82918,3457,45,13
42,88494,3503,45,0
43,92050,2020,1471,0
44,92122,3420,42,12
45,92230,3470,9,2
46,92486,3278,44,114
47,94105,2808,18,561
48,93871,3311,65,10
49,95266,3151,110,20
50,94719,2843,49,8
51,97479,2999,37,5
52,98754,2949,77,0
53,104788,2853,89,0
54,105486,2908,67,30
55,106413,2832,51,28
56,107647,2724,66,1
57,108031,2768,51,21
58,109152,2745,29,24
59,111186,2560,43,129
60,112925,2266,37,420
61,114205,1663,1094,17
62,116804,2662,51,22
63,118387,2721,35,3
64,126116,2745,60,41
65,125692,2511,173,15
66,127149,1815,771,12
67,126920,2598,37,5
68,127286,2595,223,6
69,122024,2306,201,18
70,116963,1472,955,19
71,113121,1820,265,23
72,109023,1564,249,22
73,106093,1337,130,10
74,104940,1026,36,94
75,107274,684,28,124
76,108802,990,67,12
77,112542,1005,39,8
78,113122,1008,8,4
79,112931,1019,96,3
80,115400,902,216,1
81,117442,976,78,3
82,120062,1010,49,2
83,123327,936,46,0
84,123555,925,37,0
85,124564,857,37,1
86,124345,687,179,1
87,121850,559,107,155
88,121538,647,51,88
89,120234,741,121,3
90,120492,677,306,3
91,119277,699,152,0
92,120009,634,60,0
93,123479,654,83,0
94,125849,426,261,0
95,130190,522,102,1
96,130017,400,72,190
97,130706,509,57,79
98,124432,535,63,18
99,118490,593,17,56
100,117105,477,110,46
101,127718,484,88,8
102,127893,454,61,38
103,127688,239,45,83
104,133394,449,17,63
105,131868,1580,26,51
106,129516,898,291,15
107,127536,1667,182,1
108,126496,2015,64,122
109,125528,1169,43,1012
110,125124,1753,67,439
111,131929,1890,68,295
112,129356,1869,175,178
113,127587,1728,409,28
114,128913,2053,173,2
115,129860,2116,57,2
116,132906,1801,365,10
117,137523,1991,162,18
118,137330,2040,40,6
119,141800,1970,71,7
120,137884,1906,49,9
121,137803,1865,17,1
122,140153,1565,62,274
123,142904,1677,54,147
124,142102,1746,75,19
125,147271,705,799,274
126,147257,1276,346,138
127,145035,1649,81,19
128,139434,1497,71,19
129,137793,1461,86,8
130,144774,1375,171,5
131,143096,1333,151,1
132,144038,1774,220,2
133,135378,1441,198,0
134,129755,972,50,147
135,132126,894,57,82
136,132678,960,74,9
137,133160,956,21,1
138,138847,788,71,144
139,139070,851,75,81
140,138573,999,45,9
141,137815,945,49,1
142,137691,753,58,134
143,138774,853,16,81
144,142806,947,53,9
145,148993,888,62,1
146,147830,893,26,0
147,148705,667,52,165
148,144109,714,117,93
149,142573,749,180,7
150,141582,692,105,65
151,141767,539,52,255
152,143348,609,61,99
153,142231,699,37,13
154,140263,797,88,2
155,141635,658,133,0
156,143055,560,55,116
157,142707,704,71,62
158,146561,655,128,6
159,146848,554,60,82
160,145401,457,56,168
161,144902,618,32,77
162,140909,481,88,26
163,131855,465,164,18
164,119253,373,232,2
165,127862,288,143,12
166,130061,399,96,1
167,129923,460,91,0
168,133498,468,417,0
169,135633,734,174,46
170,136231,416,7,950
171,135097,1538,45,327
172,135186,1996,34,10
173,134858,2025,23,2
174,134351,2048,70,1
175,136999,1639,88,427
176,147735,1950,63,164
177,147307,1997,8,7
178,139770,1880,91,27
179,136422,1873,164,3
180,131914,1815,121,1
181,134472,1722,22,1
182,130020,1652,64,0
183,128756,1620,36,0
184,129670,1630,26,0
185,130528,1353,368,0
186,128285,1355,217,51
187,136172,892,63,659
188,136863,1268,50,239
189,135816,1385,42,82
190,144209,839,29,631
191,145027,1260,43,231
192,146903,1494,49,4
193,152059,1512,120,0
194,158120,1532,101,0
195,161110,1482,60,30
196,163351,1495,35,25
197,162289,1506,61,35
198,164586,1647,65,10
199,169013,649,340,0
200,164253,1220,212,0
201,163258,1490,91,0
202,165897,1416,53,19
203,165938,1361,69,62
204,164745,836,55,594
205,152475,1035,61,231
206,152261,1028,151,18
207,153243,953,95,10
208,158464,743,39,164
209,166055,880,67,78
210,170207,935,42,29
211,169049,893,20,61
212,166126,857,46,49
213,169202,846,38,25
214,170022,940,30,0
215,174020,879,95,0
216,174647,934,35,0
217,175367,867,65,0
218,175433,789,26,35
219,177681,616,39,152
220,180603,706,62,77
221,182175,715,131,36
222,181087,565,274,15
223,184279,717,148,1
224,185051,731,43,6
225,184700,736,169,1
226,184447,791,176,0
227,184012,739,92,0
228,182280,609,85,12
229,179810,600,56,30
230,173532,637,57,15
231,167298,499,91,2
232,160641,421,98,10
233,157903,761,94,11
234,163450,479,148,10
235,161272,4161,87,10
236,157695,6546,147,50
237,155672,6906,135,27
238,154175,6823,223,0
239,152788,6601,188,1
240,155968,6547,79,0
241,160247,6545,70,0
242,159819,6352,208,0
243,158832,6322,125,3
244,161727,2985,3426,8
245,161641,4208,2165,6
246,162260,3019,3345,20
247,160366,4046,2229,11
248,162324,5952,115,12
249,153473,5457,181,6
250,159319,4991,186,18
251,156678,4784,88,103
252,158809,2309,38,2550
253,151680,2910,85,1618
254,146637,4165,26,42
255,142783,4007,0,10
256,142488,3841,65,50
257,140459,3602,69,62
258,139442,3471,62,29
259,136221,3200,171,5
260,137566,3172,159,0
261,139650,3071,40,26
262,147411,3088,13,12
263,147547,3058,25,5
264,147626,2988,117,2
265,147413,2920,88,26
266,152240,2782,37,15
267,152253,2752,40,65
268,155072,1445,20,1347
269,155636,1860,90,916
270,158592,2691,53,34
271,156604,2612,60,14
272,156091,1260,1179,156
273,156598,1419,884,159
274,155931,2346,54,33
275,154925,2332,91,1
276,156095,2151,123,1
277,156133,2033,61,0
278,153583,1967,81,0
279,154040,1748,61,161
280,152550,1800,20,116
281,152959,1796,138,23
282,157475,1716,190,2
283,156799,1658,151,1
284,156586,1732,199,0
285,150697,1475,272,1
286,145547,1271,140,62
287,143395,1136,95,32
288,142169,979,81,143
289,139012,918,95,86
290,137448,890,90,18
291,135542,744,105,1
292,143000,892,55,0
293,144790,784,212,0
294,141379,726,170,24
295,136094,812,99,19
296,128549,714,138,5
297,127110,490,137,175
298,129021,800,66,74
299,130739,698,121,3
300,124488,614,172,2
301,123328,523,116,4
302,119754,294,128,177
303,119247,442,101,75
304,118060,554,94,4
305,117404,616,120,1
306,117583,581,169,1
307,116617,583,173,0
308,119337,528,63,61
309,119495,376,9,204
310,120997,503,49,77
311,121327,622,17,5
312,120254,684,64,1
313,119343,573,53,47
314,118189,359,56,202
315,116211,426,110,96
316,116781,487,137,7
317,117705,498,67,119
318,119265,590,42,118
319,114156,554,40,59
320,110147,617,71,15
321,111454,616,31,1
322,110830,351,57,226
323,108846,656,57,90
324,108377,289,134,8
325,110066,683,79,1
326,111788,718,73,94
327,112415,537,169,45
328,113644,554,111,19
329,114678,673,75,6
330,116995,806,14,43
331,111226,747,129,72
332,109914,725,75,36
333,110269,387,52,206
334,109280,522,151,67
335,117588,324,125,221
336,120503,607,49,99
337,120151,677,23,17
338,121545,629,68,9
339,124245,741,97,4
340,125474,548,53,35
341,126034,356,76,176
342,126952,568,124,58
343,124214,622,158,4
344,123973,780,69,1
345,122711,1890,91,1
346,133075,810,61,6
347,135786,13028,32,3
348,130619,17945,48,11
349,127304,17649,66,4
350,131869,17400,145,0
351,131661,17318,110,19
352,133423,17297,43,7
353,136346,5707,50,79
354,137171,1062,33,11392
355,135680,11949,258,4984
356,135785,16317,130,366
357,137904,5091,24,256
358,134891,11350,85,69
359,139698,16220,105,29
360,138994,15882,579,11
361,146632,15754,255,5
362,150614,16033,67,19
363,153720,15656,168,8
364,156133,15063,139,2
365,155064,14695,59,3
366,158360,14243,177,192
367,158583,14209,116,175
368,159976,14283,29,55
369,160862,14234,26,41
370,161596,14025,59,35
371,164781,13727,33,207
372,164312,13436,49,194
373,166061,13168,177,50
374,167449,4380,8633,8
375,168624,9101,3769,185
376,158999,11601,133,156
377,154219,11096,51,35
378,152954,10690,40,4
379,159068,10383,46,1
380,166279,10374,46,2
381,170034,10330,50,2
382,171145,10327,117,0
383,167003,9488,157,3
384,163440,8675,66,65
385,161134,3064,5477,21
386,159983,5840,2343,0
387,160458,7776,46,16
388,158462,7201,49,23
389,166425,6914,90,24
390,162975,6425,256,6
391,158447,5783,140,5
392,162069,4966,58,145
393,162874,4555,53,152
394,161979,1683,37,2778
395,157452,2914,49,1043
396,155927,3716,60,53
397,151984,3188,51,25
398,151523,2604,90,5
399,156553,2621,61,4
400,159173,2727,60,1
401,159312,2650,79,0
402,160985,2248,72,31
403,163485,2183,37,27
404,163777,2144,38,4
405,163734,2114,12,0
406,161126,1838,0,0
407,160267,1671,29,0
408,160866,1592,46,0
409,161789,1122,107,9
410,156642,746,124,21
411,154285,1009,53,99
412,157066,656,220,73
413,157272,565,119,4
414,157470,577,89,8
415,153788,635,157,42
416,157900,560,754,39
417,160631,612,400,21
418,161498,683,38,4
419,160327,678,124,11
420,163641,476,338,14
421,156274,708,349,20
422,151058,787,158,10
423,154333,754,78,2
424,157757,506,59,240
425,156755,697,99,138
426,157667,684,179,11
427,157615,734,123,13
428,158601,795,31,1
429,163891,825,50,0
430,167308,834,69,1
431,167335,751,48,72
432,169400,437,82,29
433,170609,783,264,13
434,171328,1228,117,5
435,170695,914,17,374
436,172836,720,413,212
437,171302,1032,302,25
438,192847,820,518,22
439,191429,1304,335,6
440,189561,1409,124,0
441,182837,1277,62,26
442,178046,1299,69,13
443,181767,1238,64,10
444,187024,1248,56,6
445,186166,1104,156,5
446,183076,1113,141,24
447,179804,1179,44,89
448,178901,1156,144,47
449,177923,1201,91,2
450,178548,839,69,324
451,181199,600,56,518
452,184282,813,272,201
453,183702,1125,227,4
454,192472,1240,93,1
455,189990,1180,122,58
456,182736,679,229,29
457,182741,779,193,13
458,181549,972,83,22
459,184364,1032,100,7
460,182044,1029,223,0
461,179052,1121,235,1
462,180409,1065,342,12
463,179831,822,151,116
464,176792,925,53,125
465,168262,983,66,45
466,163539,906,100,14
467,172697,836,63,20
468,168539,853,40,2
469,162700,863,138,1
470,158712,819,123,4
471,162346,968,44,43
472,158951,876,115,20
473,161527,579,56,8
474,157414,528,38,203
475,152086,558,270,145
476,150865,810,269,7
477,153614,878,99,18
478,155057,944,32,10
479,154671,1063,16,1
480,154108,890,109,0
481,152414,774,137,0
482,150823,824,69,14
483,147182,782,182,8
484,144359,852,161,14
485,142041,645,68,146
486,138636,575,150,117
487,133549,614,368,6
488,133864,618,188,58
489,136070,622,161,19
490,138179,764,127,0
491,138397,742,186,0
492,140061,741,161,0
493,140352,922,32,0
494,139306,816,43,28
495,140641,674,66,94
496,140940,781,89,49
497,142496,891,96,0
498,144089,836,136,6
499,137759,979,210,1
500,133900,1054,392,0
501,127191,849,331,1
502,129642,766,213,0
503,134133,828,120,3
504,133841,855,37,74
505,129108,814,44,79
506,128242,898,21,22
507,126506,727,284,5
508,128378,606,230,16
509,125730,635,228,10
510,124600,985,99,22
511,119074,1124,12,15
512,119610,1591,179,42
513,118111,1223,141,99
514,118392,675,233,90
515,114486,949,176,20
516,115086,851,36,70
517,109564,964,132,34
518,104140,1051,228,0
519,101348,1185,92,0
520,102860,1064,271,0
521,105289,2914,141,37
522,106069,1949,12,49
523,109725,854,29,20
524,115311,696,226,161
525,112971,1232,103,80
526,117410,770,103,2
527,119417,602,92,0
528,120964,525,51,5
529,121920,547,95,0
530,124523,548,32,36
531,128699,589,83,11
532,128877,496,266,0
533,129505,450,225,8
534,127065,537,153,2
535,127997,681,69,0
536,118504,488,116,0
537,112173,483,71,17
538,103018,367,66,14
539,99989,318,70,21
540,100164,353,46,10
541,98874,349,6,14
542,98062,359,16,5
543,97709,363,20,19
544,101003,253,137,6
545,98990,320,87,11
546,101035,396,64,6
547,102250,380,50,4
548,102004,352,103,3
549,110094,466,101,0
550,110356,430,78,0
551,113473,239,23,4
552,114284,451,30,2
553,111454,461,139,0
554,110237,522,77,0
555,109505,569,51,0
556,108921,502,38,1
557,106599,491,41,7
558,105047,520,42,15
559,103581,473,72,3
560,102020,472,46,0
561,103324,431,34,1
562,105868,473,57,0
563,106855,522,55,5
564,105211,436,129,19
565,104424,558,50,10
566,103736,585,11,11
567,106339,554,14,17
568,110777,382,101,7
569,109822,433,86,0
570,111233,588,31,0
571,113446,567,29,0
572,113894,554,41,0
573,115225,515,71,0
574,114331,504,76,0
575,110854,508,309,0
576,102574,1081,711,0
577,94775,626,329,0
578,93468,368,63,0
579,111934,383,29,9
580,111345,379,68,8
581,110146,407,37,10
582,106525,397,3,14
583,104671,349,52,24
584,103638,352,45,37
585,107764,328,44,18
586,111929,354,32,2
587,113001,332,64,3
588,112580,311,81,4
589,113756,376,53,0
590,112932,382,36,0
591,113090,330,37,10
592,119407,333,26,3
593,121715,396,50,0
594,129418,373,38,7
595,129634,460,42,33
596,125139,426,50,17
597,120602,260,66,75
598,121075,245,73,54
599,119789,415,16,3
600,121933,427,25,1
601,125100,356,27,2
602,122184,281,56,1
603,121438,288,50,7
604,121233,308,42,9
605,121922,214,128,3
606,121385,241,93,18
607,122506,351,26,8
608,127178,355,39,27
609,130675,344,42,45
610,131905,440,25,20
611,130950,439,6,0
612,130279,391,30,27
613,127956,389,66,16
614,126579,354,121,11
615,133050,393,76,10
616,134858,443,45,43
617,136195,293,226,152
618,135352,503,130,68
619,134817,418,58,190
620,132845,493,35,92
621,133215,563,55,23
622,132537,358,36,201
623,131544,479,86,99
624,135847,591,70,20
625,134371,573,56,7
626,132656,656,30,26
627,128239,699,74,2
628,126035,650,170,11
629,123266,662,95,4
630,121536,431,47,221
631,118117,524,54,90
632,115043,617,89,0
633,113036,586,51,7
634,110387,600,45,2
635,113308,612,33,20
636,112342,517,22,109
637,110930,589,83,90
638,106834,537,257,44
639,119295,867,149,0
640,122385,723,73,2
641,122937,624,40,0
642,130465,672,57,0
643,131053,513,85,80
644,135692,508,39,83
645,132803,578,132,39
646,132767,718,184,1
647,134424,571,81,76
648,134351,528,21,343
649,133292,635,17,355
650,132292,902,3,95
651,133206,1045,71,1
652,134013,988,47,8
653,138262,1915,34,10
654,142555,859,156,13
655,141944,1801,87,6
656,141933,2510,20,1
657,144865,2552,62,0
658,151419,2296,82,359
659,148648,2466,159,202
660,148457,2640,136,12
661,150970,2245,89,326
662,151170,2347,84,175
663,154234,2538,47,12
664,154325,2529,117,2
665,157701,2522,94,1
666,157727,1446,1192,1
667,155435,1923,559,3
668,154629,2022,86,269
669,154524,2099,49,158
670,154524,2445,58,16
671,165634,1049,348,14
672,163241,1645,246,130
673,158614,1339,67,1099
674,154984,938,1118,425
675,149157,1697,507,4
676,153736,1945,66,0
677,154508,1659,48,223
678,153774,1724,59,152
679,154924,1830,186,19
680,157415,1850,124,13
681,155056,1760,136,11
682,159578,1701,166,0
683,159886,1671,105,0
684,160712,1588,61,15
685,160377,1541,51,7
686,162456,1559,37,2
687,166488,1522,62,24
688,167670,1418,97,12
689,167782,1429,133,0
690,163453,1171,99,155
691,161301,1127,73,122
692,161011,1121,48,160
693,160726,1210,161,109
694,158848,1507,590,10
695,146884,766,657,18
696,149982,700,165,33
697,151674,688,37,119
698,154775,738,57,75
699,153578,790,86,6
700,153024,808,67,0
701,152663,743,15,26
702,152030,691,25,49
703,151821,467,44,266
704,149922,493,183,90
705,146626,568,138,24
706,149997,591,61,10
707,153875,645,32,1
708,150525,629,84,0
709,147274,578,118,0
710,145595,493,54,23
711,145704,343,11,159
712,145900,436,45,103
713,146118,442,41,96
714,146760,543,74,36
715,149006,570,69,4
716,149292,473,22,154
717,144711,575,196,90
718,139530,611,292,22
719,137317,560,144,16
720,137343,493,66,11
721,134980,456,60,12
722,132443,1021,30,3
723,127632,853,116,0
724,121917,494,109,0
725,119915,288,36,146
726,112434,292,102,97
727,107651,424,80,39
728,107073,487,56,15
729,105636,539,183,3
730,104366,485,107,21
731,104194,497,67,12
732,104599,469,52,0
733,104736,474,73,10
734,104366,701,38,6
735,104832,642,67,1
736,102677,440,114,10
737,99728,400,101,16
738,99335,393,104,7
739,101361,426,73,1
740,104977,516,41,0
741,105145,535,32,0
742,105999,353,29,160
743,105358,400,67,90
744,108592,521,87,19
745,108534,565,118,6
746,108792,621,142,0
747,110979,689,97,0
748,111545,637,20,22
749,113517,551,31,13
750,114920,554,102,0
751,101345,461,77,4
752,95133,428,104,3
753,94522,442,96,0
754,93718,448,232,37
755,90365,389,232,24
756,88840,426,112,0
757,91086,459,73,0
758,96728,459,57,0
759,96034,464,57,0
760,97598,266,120,0
761,98628,297,87,0
762,99611,401,46,23
763,100104,384,8,31
764,105601,412,16,11
765,106540,315,12,107
766,113254,302,10,72
767,114598,412,29,9
768,113512,495,57,2
769,114191,361,56,138
770,113707,389,56,95
771,112888,474,70,8
772,116136,449,75,1
773,113358,433,71,1
774,112306,410,61,0
775,112502,414,17,21
776,112900,294,15,121
777,113100,308,54,79
778,129645,295,22,115
779,134490,372,20,76
780,135932,469,32,80
781,130055,422,57,32
782,127409,467,53,1
783,126453,485,88,0
784,133809,411,80,33
785,135043,375,103,24
786,137034,433,57,0
787,136362,416,96,0
788,136119,389,70,42
789,135748,304,99,105
790,139237,338,117,52
791,139091,366,77,12
792,138194,528,51,6
793,138482,433,159,16
794,139893,366,163,10
795,141982,393,96,82
796,142807,405,68,50
797,142144,373,79,2
798,142193,415,48,25
799,142097,474,47,14
800,136448,387,130,7
801,132865,384,106,13
802,132758,473,19,0
803,131259,485,78,0
804,132111,572,87,29
805,129050,568,118,20
806,128417,418,99,42
807,127830,382,46,39
808,128251,392,73,14
809,132053,390,59,39
810,131951,393,57,18
811,131014,286,60,116
812,127572,423,50,60
813,118446,512,18,41
814,117409,374,11,32
815,117281,455,26,5
816,116989,328,195,6
817,118145,423,78,19
818,117470,330,63,166
819,119357,473,62,81
820,117594,774,108,60
821,106767,596,156,28
822,100433,455,126,0
823,100806,319,186,1
824,103759,396,78,0
825,105102,433,102,0
826,103268,451,133,0
827,105011,547,78,0
828,105332,543,42,1
829,104077,621,41,0
830,103389,510,43,0
831,101741,402,41,0
832,99171,415,54,0
833,98321,487,22,65
834,93770,437,158,40
835,92174,372,112,12
836,97336,335,21,16
837,97104,314,25,43
838,100870,378,23,36
839,102282,423,52,3
840,101525,434,45,20
841,98712,408,26,7
842,101877,371,32,7
843,101599,505,8,9
844,100226,399,250,0
845,108851,336,138,37
846,109581,334,61,12
847,111628,262,93,85
848,110630,326,67,52
849,110961,328,81,20
850,111932,330,64,19
851,112254,388,77,0
852,112282,358,83,18
853,115209,305,157,14
854,115637,403,114,3
855,116872,386,24,60
856,118449,412,26,77
857,117594,515,58,34
858,118473,501,117,5
859,119027,446,49,0
860,119525,452,32,13
861,123523,427,46,22
862,123377,470,92,6
863,123978,572,84,0
864,122350,407,98,19
865,121231,262,74,128
866,121391,348,40,81
867,123188,400,42,10
868,121191,402,72,3
869,125956,713,244,11
870,125653,596,155,3
871,124062,301,60,136
872,122081,370,30,84
873,123099,428,0,31
874,122276,463,20,22
875,118930,447,14,16
876,113502,323,22,151
877,109784,350,104,83
878,108779,463,66,8
879,114388,456,54,12
880,114293,281,65,152
881,113222,338,57,90
882,112956,429,83,8
883,113194,422,72,0
884,114075,395,65,1
885,114256,421,48,23
886,116457,460,39,10
887,116132,445,32,73
888,114935,483,20,49
889,111139,327,48,190
890,114368,425,38,111
891,117370,331,52,175
892,115073,388,48,101
893,113692,473,70,7
894,108600,329,28,135
895,104242,400,63,89
896,102474,438,75,10
897,103534,468,41,5
898,104360,431,86,1
899,106049,302,190,4
900,109486,334,141,9
901,107932,419,66,5
902,107863,505,19,0
903,103645,480,102,21
904,99430,530,176,5
905,95995,371,217,7
906,97627,348,77,11
907,110741,377,86,20
908,113072,432,54,15
909,113932,415,73,0
910,113293,436,98,17
911,110294,354,135,13
912,110433,415,146,13
913,110170,379,190,22
914,108542,345,127,41
915,111943,403,46,39
916,112355,279,66,126
917,115403,304,50,79
918,114781,402,29,26
919,113402,430,43,65
920,111397,365,15,64
921,117480,307,7,28
922,116701,382,61,5
923,116604,475,32,46
924,115929,390,67,30
925,121503,329,180,4
926,124632,418,120,2
927,130185,370,36,3
928,130270,460,10,4
929,130007,517,58,0
930,130165,541,50,0
931,130694,589,61,0
932,131550,590,46,7
933,130428,529,104,7
934,131435,447,61,74
935,132730,540,25,50
936,130722,540,34,24
937,133429,585,86,15
938,135197,415,189,0
939,134202,507,158,1
940,134185,506,57,62
941,132383,490,66,69
942,128224,786,149,33
943,126902,657,268,1
944,132560,504,154,10
945,132670,558,78,4
946,132881,545,61,0
947,133376,558,42,11
948,132434,1064,53,91
949,126283,835,337,50
950,117888,532,226,1
951,122330,644,35,0
952,121918,656,39,0
953,120612,601,47,9
954,117662,628,76,5
955,121956,562,36,36
956,122740,661,18,21
957,122832,608,77,39
958,121950,549,114,20
959,125762,581,60,30
960,125521,547,33,63
961,127971,476,34,117
962,127163,554,42,59
963,126031,567,37,37
964,126432,515,140,18
965,129466,543,87,0
966,127229,551,40,5
967,124998,565,86,3
968,123888,708,83,1
969,117491,685,151,0
970,114695,514,124,0
971,115983,451,58,0
972,115689,423,83,0
973,112890,438,15,40
974,109807,374,152,105
975,112613,432,141,41
976,114910,301,86,126
977,112109,350,62,64
978,113162,430,49,29
979,114161,462,79,9
980,115572,559,46,20
981,115119,618,40,16
982,116865,631,104,1
983,118342,623,121,0
984,122616,574,68,66
985,123523,636,50,38
986,124990,561,32,105
987,127381,575,30,62
988,127991,607,189,4
989,132334,684,70,0
990,133278,764,117,136
991,130969,820,111,62
992,126908,656,163,0
993,125477,411,55,154
994,126022,292,189,93
995,128040,656,106,12
996,129296,802,41,2
997,128510,799,105,10
998,123711,714,220,2
999,123132,681,158,0
1000,122321,568,56,0
1001,122493,517,87,0
1002,125800,521,93,0
1003,125559,484,18,0
1004,124463,428,69,0
1005,124375,458,31,12
1006,126237,451,7,27
1007,129923,347,16,140
1008,131623,459,28,69
1009,130774,568,73,9
1010,125889,555,355,3
1011,119724,554,183,1
1012,120121,484,84,59
1013,118208,497,45,59
1014,108126,523,57,5
1015,103982,479,18,21
1016,107047,509,20,22
1017,106181,370,23,146
1018,104207,325,118,79
1019,108990,300,241,16
1020,108144,508,131,4
1021,113203,664,62,0
1022,116005,577,69,0
1023,115566,588,79,0
1024,118285,503,45,13
1025,117864,417,31,79
1026,119817,206,134,100
1027,120216,558,93,18
1028,121785,764,30,58
1029,116779,710,39,24
1030,114794,704,6,165
1031,115431,707,78,83
1032,115583,616,80,2
1033,119115,660,49,60
1034,115640,638,19,15
1035,113690,661,76,0
1036,110848,569,170,0
1037,109915,517,69,13
1038,108241,449,31,99
1039,108771,506,37,68
1040,107668,544,95,11
1041,106587,458,154,4
1042,107845,352,86,152
1043,109025,459,25,97
1044,108057,492,50,95
1045,108978,491,30,72
1046,106218,416,6,156
1047,107318,333,20,236
1048,107788,433,49,97
1049,108655,554,70,7
1050,117063,619,66,6
1051,118066,675,45,1
1052,118550,678,70,0
1053,119208,696,69,0
1054,119604,628,57,15
1055,119592,742,56,2
1056,119143,577,148,0
1057,120523,644,103,100
1058,124424,748,19,46
1059,124841,838,33,13
1060,133675,824,30,0
1061,132847,836,39,51
1062,129576,768,37,27
1063,125907,845,107,5
1064,119571,708,172,0
1065,120173,622,84,39
1066,119042,642,62,27
1067,124178,634,101,0
1068,129540,654,54,17
1069,128413,699,45,14
1070,126221,679,139,0
1071,122327,596,154,15
1072,119063,658,187,6
1073,117873,639,62,115
1074,115456,589,37,44
1075,119292,426,117,160
1076,116947,374,117,136
1077,118524,483,61,60
1078,118545,371,200,63
1079,120567,453,111,52
1080,119180,600,11,13
1081,122350,661,39,2
1082,128411,544,30,47
1083,129409,516,28,40
1084,130020,595,72,7
1085,129301,551,71,46
1086,127068,563,31,29
1087,125631,524,55,15
1088,123237,597,105,7
1089,125899,554,82,0
1090,126622,565,89,0
1091,127562,577,69,1
1092,130475,366,42,170
1093,130049,416,101,135
1094,132854,540,88,57
1095,130802,591,45,14
1096,128418,533,45,20
1097,131820,457,80,20
1098,130496,404,41,64
1099,127719,414,107,56
1100,123447,370,125,31
1101,121812,479,248,10
1102,123053,541,112,1
1103,126716,321,52,133
1104,126176,373,35,85
1105,126836,481,54,7
1106,127587,497,81,1
1107,127713,510,78,0
1108,127411,478,106,1
1109,126920,540,54,0
1110,128127,449,107,8
1111,135611,491,56,19
1112,133599,478,63,5
1113,134361,335,50,135
1114,137344,437,49,69
1115,140748,521,39,17
1116,139791,531,7,47
1117,138310,534,25,75
1118,138847,520,45,88
1119,139835,450,159,51
1120,138906,479,102,12
1121,140043,514,37,54
1122,138208,477,55,24
1123,137914,507,41,8
1124,133482,601,188,2
1125,128411,549,116,0
1126,130029,322,67,103
1127,129476,340,49,65
1128,128884,397,27,50
1129,128805,385,121,29
1130,127953,359,151,63
1131,133096,399,74,60
1132,131683,473,31,25
1133,131220,384,241,7
1134,127628,369,109,41
1135,126548,407,15,48
1136,121461,498,35,44
1137,117813,314,145,22
1138,110550,264,72,0
1139,114733,317,30,10
1140,113997,304,52,5
1141,111056,332,39,5
1142,110814,371,64,5
1143,111167,221,61,75
1144,111979,193,122,53
1145,111299,238,131,15
1146,109630,237,155,6
1147,107667,308,74,13
1148,106125,317,83,8
1149,109550,433,43,4
1150,113613,422,45,11
1151,113827,413,85,2
1152,116077,476,49,0
1153,116189,571,9,0
1154,118776,435,67,5
1155,117879,362,75,4
1156,118939,431,84,0
1157,117274,502,146,0
1158,117714,395,118,7
1159,113283,397,155,6
1160,110164,321,234,0
1161,113948,331,98,19
1162,113139,299,23,50
1163,113076,349,22,31
1164,115467,428,34,4
1165,115494,259,77,1
1166,114686,332,59,37
1167,107438,264,98,104
1168,103942,274,93,59
1169,102101,335,70,7
1170,103747,296,95,7
1171,103753,268,97,16
1172,103466,352,32,4
1173,107908,417,121,0
1174,111299,343,69,2
1175,113034,411,33,0
1176,113682,397,67,0
1177,117755,327,33,6
1178,117665,320,55,13
1179,119850,381,11,3
1180,119875,416,76,0
1181,124594,381,77,0
1182,122170,409,217,0
1183,121661,357,220,22
1184,119375,229,107,120
1185,118818,282,85,64
1186,120744,356,67,12
1187,121674,395,53,7
1188,119561,332,46,4
1189,118373,346,339,0
1190,117889,388,206,0
1191,117992,379,102,1
1192,118947,256,112,117
1193,119499,303,71,78
1194,120559,428,77,8
1195,120874,413,58,0
1196,122857,576,25,2
1197,124122,495,28,2
1198,123023,324,51,166
1199,124406,428,46,95
1200,123511,312,36,172
1201,122033,383,86,93
1202,119664,519,68,9
1203,119233,348,206,0
1204,126467,428,123,3
1205,125743,543,13,0
1206,127141,683,0,0
1207,129578,631,15,29
1208,129849,467,23,75
1209,127623,599,35,36
1210,126909,808,93,5
1211,120413,534,137,12
1212,121584,489,82,16
1213,120455,342,52,164
1214,121991,472,19,82
1215,119111,486,50,8
1216,118533,526,31,1
1217,112265,1022,152,3
1218,107609,886,242,0
1219,105487,472,150,0
1220,105244,405,70,0
1221,105168,341,22,111
1222,101646,375,31,62
1223,100907,376,112,32
1224,99037,309,72,42
1225,100932,268,40,97
1226,100777,289,67,54
1227,100119,383,39,7
1228,99620,393,88,0
1229,106448,246,95,92
1230,109290,299,33,56
1231,116114,401,34,13
1232,117480,267,144,9
1233,118103,367,134,0
1234,118661,413,90,0
1235,119088,235,116,118
1236,119637,362,69,64
1237,122183,471,61,7
1238,123041,454,68,0
1239,126016,287,179,5
1240,125705,412,160,5
1241,131203,447,81,8
1242,133503,523,61,5
1243,137526,508,86,0
1244,138676,491,62,0
1245,137648,482,68,0
1246,136342,490,291,0
1247,133882,437,488,15
1248,128350,400,216,8
1249,128057,397,134,2
1250,131139,221,115,134
1251,132884,299,59,86
1252,133351,449,47,16
1253,133729,294,69,157
1254,126384,412,82,89
1255,121938,538,31,4
1256,121165,463,13,7
1257,121227,415,27,22
1258,121226,242,37,170
1259,119246,184,14,219
1260,118086,191,0,214
1261,115773,355,45,71
1262,115567,419,83,7
1263,115367,231,36,138
1264,118318,290,65,68
1265,119350,397,91,7
1266,121243,422,74,1
1267,121526,402,87,0
1268,125510,392,104,0
1269,123310,474,23,0
1270,119094,532,18,24
1271,116969,427,30,15
1272,115594,399,52,0
1273,113854,393,55,1
1274,112311,417,83,0
1275,113326,411,61,7
1276,108422,410,57,9
1277,108682,356,57,0
1278,108713,234,144,31
1279,114391,274,71,44
1280,111888,225,68,107
1281,108440,239,107,70
1282,106717,297,80,35
1283,104844,299,62,12
1284,107806,198,35,99
1285,106635,292,66,35
1286,108155,450,206,19
1287,104287,381,142,13
1288,104947,255,22,109
1289,106306,404,0,34
1290,106545,370,249,3
1291,107088,245,226,20
1292,108961,220,60,57
1293,108946,417,2,19
1294,108269,304,31,150
1295,106313,367,72,57
1296,107798,258,41,16
1297,102904,395,3,3
1298,102563,515,23,7
1299,103871,477,142,13
1300,102319,516,76,22
1301,102273,583,20,15
1302,101316,587,41,24
1303,95714,536,99,6
1304,92612,359,71,150
1305,90304,431,34,66
1306,88276,467,50,5
1307,88554,496,23,2
1308,91557,528,56,3
1309,93590,502,119,0
1310,94846,403,126,4
1311,94381,445,79,39
1312,91674,718,81,22
1313,90179,553,149,0
1314,89037,402,63,0
1315,88409,435,48,1
1316,87627,308,48,106
1317,88797,340,87,53
1318,91389,393,70,9
1319,93316,457,25,18
1320,96315,583,17,10
1321,96131,582,126,1
1322,94293,515,60,23
1323,97417,403,190,14
1324,99361,310,111,179
1325,100606,490,52,89
1326,103152,567,47,35
1327,106448,592,47,15
1328,105925,511,147,3
1329,106747,564,93,8
1330,106856,674,97,3
1331,107011,647,65,0
1332,106929,553,169,0
1333,110336,775,60,0
1334,113264,713,39,0
1335,114025,760,22,0
1336,113895,678,159,0
1337,114599,642,139,1
1338,117713,693,57,0
1339,119942,384,134,228
1340,119791,534,108,105
1341,120839,761,27,5
1342,121056,679,47,44
1343,120469,637,41,46
1344,123485,605,50,24
1345,125484,451,259,16
1346,124083,659,158,2
1347,122356,844,209,0
1348,120904,692,95,19
1349,121441,619,56,14
1350,121308,684,133,0
1351,121863,440,74,224
1352,121500,543,98,99
1353,122038,476,89,179
1354,122433,520,79,98
1355,120533,579,72,2
1356,120773,589,64,4
1357,119606,537,102,6
1358,122408,549,97,0
1359,124581,615,74,0
1360,123800,679,78,0
1361,119437,609,59,0
1362,116701,544,86,1
1363,117240,615,78,1
1364,117770,347,226,0
1365,115413,260,167,168
1366,112840,514,68,84
1367,111652,686,90,2
1368,110736,661,71,0
1369,110309,661,37,39
1370,107044,678,38,30
1371,103988,681,105,0
1372,105308,662,66,0
1373,107793,640,46,3
1374,110354,444,77,6
1375,107483,531,80,4
1376,104399,672,51,0
1377,106236,904,15,413
1378,103778,773,128,124
1379,107045,420,127,152
1380,107854,501,58,103
1381,107997,504,27,136
1382,107259,657,52,55
1383,109244,603,73,1
1384,109420,592,28,1
1385,108603,555,100,1
1386,106183,775,146,0
1387,104131,405,203,0
1388,102957,484,69,0
1389,102079,481,57,127
1390,103206,569,43,55
1391,108895,610,41,7
1392,111626,548,49,10
1393,109398,557,121,2
1394,107966,592,61,1
1395,109959,582,41,104
1396,109748,611,126,40
1397,110231,402,103,144
1398,112114,379,150,67
1399,112306,520,84,38
1400,114464,594,35,85
1401,112628,619,86,30
1402,110166,456,278,3
1403,108950,397,109,136
1404,108641,507,114,71
1405,110963,491,205,22
1406,113217,538,138,4
1407,115329,414,76,158
1408,115563,641,46,73
1409,116685,594,75,10
1410,119819,451,658,12
1411,119327,331,427,5
1412,119484,885,166,0
1413,128774,772,178,0
1414,128328,1107,251,0
1415,128890,881,154,0
1416,126651,675,189,237
1417,126373,872,112,369
1418,127188,728,80,134
1419,129410,680,113,0
1420,128088,867,254,0
1421,129077,631,258,26
1422,130257,506,658,44
1423,128930,880,373,98
1424,126165,706,195,48
1425,129398,659,89,0
1426,130914,616,57,9
1427,130813,676,36,30
1428,128732,851,86,8
1429,128475,699,107,7
1430,125890,676,192,21
1431,125185,652,180,6
1432,129433,566,120,0
1433,130711,466,84,0
1434,130402,386,86,1
1435,133873,563,49,7
1436,131284,520,9,66
1437,141629,557,43,34
1438,139968,529,121,5
1439,138337,573,70,24
1440,131532,487,53,22
1441,133022,426,31,8
1442,132715,327,105,3
1443,133664,440,62,61
1444,134724,407,78,31
1445,136402,394,40,2
1446,134861,412,197,0
1447,137708,508,246,0
1448,137153,447,152,0
1449,137428,399,77,0
1450,138544,379,70,33
1451,137625,283,25,112
1452,137920,347,43,76
1453,139550,389,108,7
1454,140227,441,81,42
1455,144955,505,36,40
1456,144949,469,48,5
1457,143278,351,129,69
1458,140734,435,100,42
1459,142496,484,6,8
1460,148509,527,70,48
1461,148048,417,58,115
1462,149888,211,34,127
1463,150128,2225,36,25
1464,148242,2975,47,9
1465,145849,2884,43,17
1466,147643,2854,113,25
1467,147036,2914,64,135
1468,148500,2869,27,86
1469,157220,2674,197,12
1470,153833,2503,157,222
1471,148400,2548,93,107
1472,145860,2508,59,5
1473,144515,2482,76,1
1474,145527,2336,68,131
1475,145817,998,42,1406
1476,141616,1795,39,428
1477,141885,2146,321,22
1478,141700,2099,166,11
1479,140498,2094,92,5
1480,137156,1794,79,181
1481,136129,1800,118,85
1482,139437,1933,89,39
1483,137046,1743,98,33
1484,138770,1797,84,5
1485,140741,640,263,1
1486,139911,1686,131,0
1487,140641,2177,57,0
1488,141055,2141,41,35
1489,139821,2227,43,13
1490,139870,2240,63,0
1491,149631,2144,115,0
1492,150467,2107,121,0
1493,148175,2027,89,0
1494,148045,1976,92,0
1495,149527,1978,123,0
1496,149392,1937,36,29
1497,149281,1959,34,69
1498,148488,1977,79,28
1499,145001,1823,46,28
1500,144095,1670,24,26
1501,142339,1397,53,188
1502,144250,1463,76,80
1503,142807,1522,40,16
1504,135019,1445,54,28
1505,130260,1261,203,3
1506,127572,1177,198,0
1507,126983,1047,121,12
1508,126795,1045,84,5
1509,126112,1043,70,12
1510,126451,1003,17,34
1511,125825,915,29,15
1512,126089,839,160,0
1513,125445,611,383,0
1514,130962,750,178,58
1515,130182,741,109,50
1516,129882,590,418,0
1517,129073,638,477,0
1518,129660,830,134,0
1519,132896,570,323,13
1520,136760,473,471,18
1521,134304,690,284,36
1522,136167,596,98,243
1523,134510,674,48,123
1524,138341,762,121,9
1525,136287,768,359,9
1526,129579,742,303,8
1527,120788,646,94,3
1528,117867,483,51,32
1529,121484,392,43,100
1530,122189,520,70,63
1531,121321,565,42,6
1532,114401,484,29,20
1533,113005,289,217,10
1534,112286,330,323,2
1535,112683,614,123,0
1536,110744,461,246,0
1537,120412,557,119,5
1538,121987,702,41,15
1539,121996,888,8,4
1540,126705,814,20,17
1541,125861,766,77,7
1542,124586,889,181,11
1543,115872,750,136,7
1544,116014,593,179,5
1545,115915,559,74,3
1546,117260,586,30,50
1547,118349,479,235,24
1548,117606,574,113,10
1549,115746,596,31,22
1550,119906,655,67,6
1551,120407,699,52,0
1552,120341,668,44,0
1553,122755,660,39,0
1554,123671,689,13,1
1555,124559,700,0,49
1556,124397,687,12,21
1557,123142,581,135,0
1558,126594,638,216,0
1559,125319,699,278,0
1560,122690,1132,276,0
1561,119701,710,161,0
1562,119707,540,52,0
1563,121474,406,96,146
1564,121874,508,55,92
1565,120859,535,53,70
1566,119849,319,220,98
1567,118027,440,179,46
1568,117204,509,99,12
1569,112796,500,67,8
1570,110265,477,34,46
1571,112883,482,19,94
1572,111773,605,62,32
1573,110671,566,42,30
1574,109245,507,15,136
1575,106462,624,41,87
1576,105596,600,64,0
1577,102622,430,43,30
1578,103095,303,48,62
1579,105273,252,182,36
1580,101186,387,103,6
1581,99038,315,53,140
1582,99508,292,81,79
1583,99003,390,72,31
1584,98282,427,202,46
1585,97104,397,182,24
1586,96220,428,65,9
1587,96317,419,61,1
1588,100618,402,41,24
1589,101638,399,23,18
1590,101090,259,69,107
1591,98851,342,60,68
1592,96352,359,66,17
1593,99088,335,67,13
1594,96759,351,33,42
1595,94812,376,35,34
1596,92311,385,62,9
1597,87360,320,75,20
1598,86314,287,77,21
1599,95679,321,36,29
1600,95271,362,75,7
1601,98929,340,80,12
1602,99718,299,72,15
1603,100520,256,71,3
1604,102169,280,67,2
1605,104340,262,44,10
1606,105378,261,41,13
1607,105751,351,59,6
1608,107201,3880,94,4
1609,118807,2950,53,7
1610,119974,8182,25,1
1611,119699,14237,36,0
1612,120997,14166,49,3
1613,121068,14110,91,4
1614,121387,13959,117,0
1615,126726,13874,54,11
1616,129155,13805,41,12
1617,139893,6718,43,3
1618,139823,8316,59,1
1619,141351,13431,85,2
1620,143420,13291,75,1
1621,144550,6001,7344,0
1622,148537,7498,5614,9
1623,147196,12848,91,3
1624,146351,12646,90,3
1625,142848,12102,77,2
1626,146344,11198,64,11
1627,144284,10619,58,6
1628,146474,10359,78,148
1629,145882,9888,194,462
1630,145906,9885,227,272
1631,152571,9797,92,3
1632,152969,9578,49,0
1633,153533,9164,415,0
1634,156003,8607,369,1
1635,153987,8141,117,2
1636,152917,8084,41,0
1637,151752,8098,59,0
1638,153638,7825,66,14
1639,153458,7703,65,6
1640,155306,7620,66,18
1641,158987,7437,97,28
1642,159783,7287,46,7
1643,164914,7123,62,0
1644,163934,6554,80,0
1645,161906,6311,94,0
1646,157577,5655,73,1
1647,156498,4886,21,4
1648,156732,2189,216,9
1649,155154,9103,204,18
1650,159621,5541,268,13
1651,158890,9327,204,0
1652,154562,13484,114,2
1653,147080,5247,7129,3
1654,143044,8128,3573,0
1655,142781,11255,66,14
1656,141353,10900,51,68
1657,140709,4400,43,6458
1658,140116,7419,131,3280
1659,140159,10251,399,8
1660,140425,10129,199,0
1661,140142,10030,61,4
1662,137599,9522,53,2
1663,133632,9120,592,5
1664,131222,8777,488,20
1665,129910,8111,159,11
1666,134381,7781,75,8
1667,135681,7536,56,200
1668,135084,7146,67,287
1669,134072,7105,66,72
1670,131232,6611,41,173
1671,127196,6260,150,244
1672,130072,6257,127,86
1673,123312,5504,34,75
1674,120308,2623,44,3355
1675,123885,685,123,1288
1676,122078,5010,67,6
1677,120435,6905,28,93
1678,122420,2588,24,4254
1679,117406,4174,36,1811
1680,112822,5455,74,4
1681,109510,5097,71,0
1682,106318,4370,31,11
1683,102744,4048,57,5
1684,108158,3969,47,13
1685,107151,3656,19,77
1686,106597,1454,51,2203
1687,106991,2660,112,960
1688,108527,1287,202,2
1689,109461,2636,159,20
1690,113502,1547,2231,18
1691,114001,2729,983,5
1692,117637,1604,28,9
1693,118369,2581,41,200
1694,117927,3338,74,179
1695,119015,3373,82,20
1696,120944,3327,23,1
1697,124636,3345,29,0
1698,123875,3206,106,0
1699,124298,3189,55,0
1700,123705,1484,1609,0
1701,119570,2035,839,4
1702,117669,2605,199,8
1703,117074,1207,1877,7
1704,116599,537,2126,10
1705,114712,1666,619,1
1706,124469,2019,59,4
1707,122970,1820,44,11
1708,123643,1823,34,83
1709,121648,1700,89,29
1710,120474,1578,140,0
1711,116846,1394,120,0
1712,115195,1123,63,101
1713,114823,1165,63,67
1714,116695,1177,77,12
1715,117193,1095,44,11
1716,117522,1037,179,4
1717,118556,939,89,93
1718,119840,608,25,85
1719,117452,835,160,15
1720,118163,600,486,2
1721,119620,630,263,108
1722,120396,827,60,75
1723,124151,913,55,6
1724,132520,809,51,121
1725,133050,879,94,84
1726,134414,937,129,4
1727,134063,956,142,0
1728,133632,575,245,0
1729,134615,719,131,74
1730,138943,632,47,382
1731,139436,959,124,165
1732,138915,1174,134,2
1733,124700,847,124,1
1734,117624,590,69,49
1735,120025,445,48,179
1736,120006,684,7,82
1737,120279,749,41,12
1738,119248,612,30,15
1739,117174,581,92,3
1740,119429,390,132,126
1741,118673,372,130,76
1742,119705,444,122,19
1743,119792,520,56,10
1744,121176,574,51,1
1745,119223,396,36,108
1746,115331,390,39,77
1747,113140,490,36,71
1748,112907,572,41,52
1749,113470,649,87,7
1750,113380,458,176,0
1751,112724,448,104,0
1752,112744,409,81,0
1753,119344,466,81,7
1754,120643,453,93,37
1755,122635,401,57,95
1756,119836,517,45,34
1757,116512,731,181,5
1758,114124,693,629,2
1759,109671,584,327,0
1760,109608,414,53,5
1761,109406,376,32,3
1762,111363,504,78,1
1763,104781,447,44,0
1764,102707,305,63,74
1765,103844,328,30,42
1766,103772,378,44,20
1767,104424,363,43,10
1768,103352,374,59,0
1769,107985,393,61,0
1770,108403,377,39,0
1771,107221,425,61,0
1772,105803,346,21,73
1773,103306,325,47,42
1774,104076,342,76,4
1775,105423,319,104,2
1776,106238,348,50,45
1777,108224,393,78,16
1778,108767,274,60,54
1779,111440,310,49,46
1780,109701,388,70,20
1781,111808,428,483,7
1782,113408,375,206,1
1783,113660,363,36,50
1784,112813,458,18,25
1785,113359,320,66,88
1786,114787,307,101,52
1787,113429,336,86,4
1788,113183,382,25,2
1789,114412,426,16,0
1790,116152,387,32,11
1791,114467,374,93,6
1792,116689,423,70,0
1793,116416,359,77,0
1794,116862,363,84,1
1795,115670,402,54,0
1796,114515,390,68,0
1797,117038,389,116,0
1798,117934,390,79,0
1799,117460,314,108,103
1800,117178,479,130,60
1801,110071,489,692,45
1802,104144,336,418,47
1803,100686,311,146,25
1804,99679,380,58,82
1805,99361,441,162,35
1806,109217,540,98,67
1807,109130,630,203,23
1808,109391,459,265,47
1809,108647,312,135,110
1810,108162,412,59,60
1811,107469,565,18,11
1812,110177,359,158,58
1813,110866,371,93,54
1814,108919,439,129,13
1815,106987,465,287,1
1816,106417,249,267,0
1817,105403,363,82,0
1818,105265,403,114,0
1819,102966,391,41,94
1820,100548,518,76,41
1821,99821,543,80,3
1822,99675,417,121,1
1823,99095,368,175,1
1824,98809,424,119,0
1825,97843,277,68,11
1826,96676,310,41,2
1827,100214,289,55,4
1828,94904,343,42,1
1829,91897,363,663,0
1830,91490,333,355,0
1831,88946,339,72,0
1832,92273,326,52,11
1833,90214,331,27,6
1834,89487,343,62,0
1835,87087,367,161,0
1836,83090,354,192,0
1837,81600,318,85,0
1838,81802,382,12,0
1839,76410,262,31,18
1840,74883,230,25,34
1841,74508,249,20,28
1842,72926,249,22,6
1843,74422,297,18,13
1844,76439,343,61,4
1845,75974,306,101,25
1846,81995,310,37,33
1847,82479,316,26,14
1848,82918,290,36,30
1849,83495,290,7,20
1850,84321,298,17,7
1851,85736,367,21,0
1852,87714,276,38,10
1853,87363,303,33,24
1854,87539,288,17,30
1855,86843,285,7,38
1856,86369,304,122,11
1857,88737,326,53,0
1858,92555,298,30,1
1859,90980,261,22,26
1860,88532,158,173,44
1861,82674,185,241,15
1862,82381,388,70,12
1863,80440,361,31,0
1864,80173,339,33,0
1865,85133,356,10,19
1866,88109,385,18,3
1867,88054,366,42,0
1868,88152,406,38,0
1869,89463,391,23,0
1870,90434,200,23,184
1871,90670,182,209,58
1872,87570,353,94,5
1873,85341,377,108,7
1874,88027,327,38,42
1875,90203,333,24,41
1876,90934,244,26,169
1877,93460,459,56,48
1878,93672,496,83,1
1879,93249,434,47,60
1880,93203,278,53,181
1881,92417,494,114,52
1882,95275,255,57,5
1883,94634,1789,29,1
1884,88987,2480,43,11
1885,87617,1099,1385,4
1886,89047,1666,836,8
1887,87948,2165,98,172
1888,86842,2255,43,70
1889,87934,2304,16,24
1890,88517,2286,50,6
1891,86922,2024,73,61
1892,84414,850,52,1123
1893,86173,1456,43,512
1894,85494,1930,59,4
1895,93333,1888,38,59
1896,95383,893,26,1057
1897,95934,1410,20,545
1898,95352,888,10,1026
1899,94377,1338,17,479
1900,93726,1804,81,3
1901,99003,1788,61,5
1902,97489,1662,34,61
1903,99222,760,34,887
1904,98793,1242,57,407
1905,100767,1549,41,56
1906,99853,745,30,810
1907,97656,1144,13,411
1908,99488,1408,27,20
1909,99449,1338,31,0
1910,99872,1240,44,0
1911,98691,1184,94,0
1912,100468,1189,64,0
1913,99466,1097,36,51
1914,104391,607,27,573
1915,104765,869,25,244
1916,104776,1126,22,26
1917,104529,1084,22,28
1918,103312,1094,6,0
1919,101851,631,505,0
1920,100979,841,295,0
1921,106090,1008,38,0
1922,110830,992,44,0
1923,112689,965,38,3
1924,110254,850,34,37
1925,109255,456,30,351
1926,108142,625,36,158
1927,108371,801,54,0
1928,112824,664,48,150
1929,115151,829,37,60
1930,116635,530,236,5
1931,114184,586,103,7
1932,109793,695,62,1
1933,109875,653,48,18
1934,110860,484,7,133
1935,110613,579,10,46
1936,109043,572,87,3
1937,102681,433,82,1
1938,101619,418,51,0
1939,99635,295,62,109
1940,99859,339,59,39
1941,101326,400,44,2
1942,101636,318,113,44
1943,104316,305,51,57
1944,103725,350,36,22
1945,105610,367,107,4
1946,104574,230,68,101
1947,103312,248,58,30
1948,104909,290,82,2
1949,103362,321,59,1
1950,103056,275,40,7
1951,102703,308,36,6
1952,103715,332,15,0
1953,104975,401,33,0
1954,110238,239,59,88
1955,110672,312,147,31
1956,114933,409,76,1
1957,122065,361,25,34
1958,121914,350,37,32
1959,121701,316,60,5
1960,121421,354,64,1
1961,121748,354,33,17
1962,120348,354,36,23
1963,118027,396,124,14
1964,105738,252,194,7
1965,102709,351,466,7
1966,101891,227,193,107
1967,99887,223,71,52
1968,107431,286,57,7
1969,108838,323,42,2
1970,108386,528,65,0
1971,111684,356,34,4
1972,111325,12152,13,55
1973,110890,5332,23,11534
1974,110544,12294,23,4558
1975,108912,5311,21,11376
1976,100496,11789,27,4385
1977,98669,15834,22,34
1978,98682,15612,23,12
1979,97853,15092,307,22
1980,96620,15367,110,9
1981,95217,4642,135,1
1982,99680,10564,81,7
1983,99062,14186,48,2
1984,99837,13911,316,0
1985,108928,14014,139,16
1986,111643,13980,31,96
1987,110568,4291,28,9491
1988,115366,801,19,12517
1989,114763,9667,25,3287
1990,112968,12374,122,30
1991,109522,11544,157,11
1992,107201,10831,51,1
1993,110861,10698,9,30
1994,112678,10331,207,15
1995,112821,10049,81,8
1996,113261,9562,82,103
1997,119366,2892,48,6379
1998,119722,7055,3,2287
1999,119219,9302,72,3
2000,119026,8643,105,205
2001,117472,8108,58,351
2002,118257,2656,28,5567
2003,117558,5217,62,1937
2004,117010,6683,51,6
2005,113233,5255,213,0
2006,110503,4822,122,116
2007,110162,1613,41,3108
2008,110544,3379,51,1024
2009,116656,4292,92,2
2010,119761,4218,56,1
2011,119960,4070,51,107
2012,121963,1424,37,2493
2013,122681,3014,12,838
2014,124856,3862,43,2
2015,124829,3671,38,12
2016,121036,3181,43,10
2017,120488,2985,42,9
2018,120901,2842,43,106
2019,124067,1065,29,1838
2020,125190,497,1742,585
2021,125904,2141,634,2
2022,127014,2608,29,0
2023,127230,2508,81,0
2024,128895,2171,53,97
2025,129959,957,36,1309
2026,131282,1683,35,542
2027,136392,964,37,1257
2028,135765,1696,22,496
2029,135761,2120,243,18
2030,135322,712,1089,150
2031,132588,1137,462,101
2032,130791,1364,136,25
2033,126903,1187,91,10
2034,125382,1131,88,8
2035,121509,507,65,0
2036,127011,380,36,10
2037,127919,514,59,7
2038,129601,561,63,0
2039,129545,535,32,0
2040,128815,566,38,1
2041,128126,414,74,158
2042,126505,288,22,236
2043,121586,384,58,96
2044,115863,473,139,15
2045,115323,497,220,14
2046,108176,547,80,5
2047,105587,470,96,0
2048,104309,478,78,0
2049,103587,394,94,0
2050,107884,340,31,21
2051,107516,333,40,15
2052,105020,373,60,3
2053,105322,338,35,34
2054,109051,367,43,13
2055,107904,364,83,5
2056,107602,362,211,0
2057,106546,367,99,35
2058,109331,333,40,45
2059,108815,368,82,13
2060,112855,378,165,0
2061,114532,582,77,0
2062,113886,452,41,110
2063,114722,385,60,56
2064,113842,343,56,1
2065,114261,333,65,5
2066,114949,308,69,7
2067,114306,391,16,11
2068,115152,382,22,13
2069,119717,287,29,44
2070,115655,318,24,54
2071,113563,307,61,20
2072,111849,320,41,32
2073,112669,327,37,58
2074,111539,429,41,17
2075,107316,410,41,1
2076,106966,347,18,16
2077,107877,324,96,6
2078,110569,284,88,2
2079,108132,313,55,15
2080,108921,319,22,4
2081,111474,380,32,6
2082,109319,526,35,0
2083,109576,457,38,8
2084,108228,449,49,3
2085,118192,453,52,15
2086,117914,402,122,4
2087,118119,429,55,27
2088,116719,484,32,16
2089,116384,314,181,5
2090,108454,371,99,11
2091,102564,213,89,2
2092,106199,365,112,11
2093,106907,424,57,7
2094,108934,422,56,10
2095,113450,444,25,10
2096,114837,306,48,183
2097,116044,415,34,85
2098,114923,419,243,9
2099,113583,442,134,12
2100,112362,475,17,22
2101,115275,486,36,14
2102,114625,491,48,3
2103,113394,582,76,0
2104,122730,518,61,0
2105,122205,461,68,0
2106,126428,475,58,43
2107,131204,504,23,72
2108,130634,540,32,34
2109,126557,540,103,20
2110,124386,364,120,152
2111,123497,428,73,79
2112,123574,316,88,141
2113,122941,328,82,83
2114,126868,487,78,27
2115,126705,485,52,6
2116,129062,505,29,7
2117,127460,522,19,10
2118,127312,489,29,5
2119,127055,514,79,0
2120,123968,505,197,0
2121,122392,424,350,10
2122,122592,459,145,8
2123,124236,493,68,5
2124,124683,665,35,2
2125,124905,455,101,147
2126,120877,432,141,84
2127,122083,318,75,165
2128,122787,443,49,90
2129,123267,349,70,171
2130,122191,364,92,88
2131,123208,483,45,12
2132,124391,506,38,13
2133,124892,550,7,5
2134,124266,433,82,46
2135,125140,492,66,58
2136,125434,552,49,23
2137,126135,600,73,2
2138,130328,606,76,0
2139,130926,505,94,0
2140,129896,373,28,163
2141,127275,452,50,91
2142,126133,520,72,31
2143,126112,527,40,12
2144,127336,525,149,2
2145,123709,443,96,8
2146,121183,529,53,3
2147,119804,455,391,0
2148,117767,744,191,0
2149,122225,717,78,1
2150,118896,471,37,0
2151,121809,239,76,108
2152,120843,347,64,61
2153,120887,382,57,10
2154,120907,374,80,4
2155,120626,445,46,3
2156,125359,452,107,0
2157,122758,407,493,36
2158,120787,375,179,56
2159,120099,469,64,21
2160,117233,352,234,2
2161,115400,320,193,5
2162,113178,357,115,7
2163,111722,444,323,0
2164,120342,398,96,21
2165,121157,389,32,3
2166,121289,411,30,0
2167,121477,424,70,0
2168,121895,427,74,0
2169,122463,354,64,44
2170,121874,357,33,55
2171,120707,335,72,16
2172,121010,443,110,1
2173,119903,362,41,15
2174,116162,341,93,4
2175,117245,447,91,0
2176,122185,372,43,11
2177,122043,329,73,3
2178,122775,307,101,10
2179,122818,377,63,1
2180,123876,395,79,4
2181,120094,244,80,104
2182,119268,287,161,56
2183,117963,363,88,6
2184,118379,383,74,3
2185,113177,441,62,0
2186,112017,423,56,0
2187,111193,363,81,0
2188,109921,370,94,0
2189,108984,331,64,4
2190,110349,302,60,13
2191,111560,337,84,3
2192,112544,251,57,0
2193,115381,651,47,1
2194,116984,851,53,2
2195,118155,352,355,161
2196,115049,533,122,219
2197,112592,869,39,69
2198,105766,804,73,13
2199,103034,744,59,3
2200,101876,468,1082,1
2201,100660,517,405,137
2202,98887,544,175,56
2203,111361,711,99,6
2204,111556,638,5,138
2205,109785,734,134,57
2206,112054,856,117,2
2207,113014,484,317,20
2208,112633,675,121,8
2209,113837,821,35,41
2210,112896,744,41,48
2211,112709,544,29,157
2212,112014,646,75,55
2213,112347,753,109,2
2214,107169,690,76,31
2215,106932,444,38,227
2216,106672,612,42,87
2217,105292,797,109,0
2218,109335,688,132,0
2219,109479,626,60,26
2220,109486,680,30,120
2221,109831,693,135,41
2222,116104,648,60,12
2223,115875,614,53,9
2224,113181,696,212,13
2225,104659,637,183,5
2226,99079,596,45,0
2227,100587,473,10,30
2228,99752,375,25,87
2229,100131,433,110,40
2230,96257,425,289,7
2231,94777,401,167,54
2232,95700,312,24,94
2233,95648,356,53,38
2234,93408,386,67,7
2235,93556,413,46,8
2236,97143,271,18,5
2237,97631,165,152,0
2238,97870,9792,111,1
2239,99885,13653,45,131
2240,99984,13617,34,139
2241,101578,13779,65,40
2242,101755,13520,217,2
2243,101339,13572,115,3
2244,101067,13661,42,2
2245,103569,13563,32,11
2246,104179,13579,32,3
2247,107395,13438,52,11
2248,110166,4247,9210,9
2249,111331,9536,3740,19
2250,111590,12784,32,10
2251,110420,12420,245,2
2252,105503,11747,250,0
2253,101245,10875,71,14
2254,98823,10290,32,66
2255,97833,3237,39,6915
2256,98328,6995,14,2639
2257,99959,9010,47,148
2258,96218,8349,116,103
2259,95926,7945,67,62
2260,95826,7794,55,26
2261,96969,7683,75,1
2262,97181,7162,62,107
2263,95160,6860,80,84
2264,98691,6726,128,17
2265,100068,6615,126,0
2266,101978,6572,118,0
2267,103724,6514,120,0
2268,103427,6406,218,0
2269,100899,5978,176,0
2270,108794,5951,103,0
2271,111451,6181,134,0
2272,112611,6157,56,0
2273,114275,5970,53,0
2274,114149,6101,43,0
2275,113887,5794,16,8
2276,112412,5320,9,3
2277,114305,1542,3664,0
2278,117235,408,4780,0
2279,116438,3835,1199,0
2280,115668,5651,59,10
2281,117602,1883,16,8
2282,108342,3406,56,5
2283,104055,4486,77,2
2284,106117,4288,178,10
2285,104623,4187,118,7
2286,104481,4231,67,0
2287,109040,3932,140,8
2288,107496,3466,95,14
2289,106666,1318,2047,9
2290,107076,2413,822,5
2291,108976,3183,54,1
2292,109984,3018,85,6
2293,109135,2955,103,0
2294,107803,2749,70,10
2295,108219,2611,34,18
2296,107333,2404,211,13
2297,114949,2195,138,7
2298,115575,2161,29,4
2299,119493,2189,43,4
2300,118260,2157,82,10
2301,118653,3193,212,0
2302,103588,2209,127,1
2303,94708,1027,49,71
2304,93222,1036,38,65
2305,97624,1057,116,11
2306,93028,910,155,14
2307,90797,840,201,0
2308,89868,806,141,0
2309,89810,788,82,22
2310,91271,818,134,9
2311,92348,801,63,30
2312,94284,841,58,19
2313,94519,745,161,0
2314,95882,793,81,8
2315,95468,813,51,4
2316,95369,791,72,0
2317,93877,788,134,0
2318,94237,787,104,0
2319,97428,747,130,0
2320,98765,716,70,0
2321,96600,825,104,0
2322,94311,691,187,0
2323,95524,710,95,0
2324,97194,757,11,3
2325,99075,593,50,102
2326,98995,607,73,65
2327,99261,733,37,18
2328,108877,812,42,14
2329,110188,790,23,87
2330,112277,631,31,243
2331,114116,881,24,90
2332,113430,988,3,16
2333,114230,683,118,77
2334,113218,574,127,164
2335,116007,857,47,64
2336,116962,712,183,14
2337,119470,799,98,12
2338,120242,654,105,123
2339,120650,647,98,66
2340,123843,738,92,16
2341,126103,799,88,11
2342,125576,727,251,0
2343,125593,814,109,0
2344,118552,764,34,29
2345,111328,518,85,17
2346,114315,464,69,0
2347,115422,369,142,5
2348,122889,325,88,100
2349,123231,459,10,38
2350,124004,452,95,18
2351,127419,377,160,11
2352,129312,336,198,0
2353,133115,329,220,8
2354,131654,419,116,26
2355,131407,496,20,59
2356,133665,568,78,17
2357,136687,507,69,6
2358,143358,512,35,50
2359,148074,601,68,17
2360,148186,656,16,0
2361,153809,678,30,0
2362,154064,664,122,0
2363,160985,605,103,21
2364,160153,625,88,3
2365,160213,496,211,0
2366,160140,566,115,0
2367,165979,737,125,0
2368,166051,711,95,0
2369,165863,647,46,0
2370,165286,593,56,15
2371,165095,642,50,37
2372,168532,634,47,54
2373,168198,664,72,75
2374,175016,681,39,49
2375,170584,650,108,12
2376,169717,671,70,0
2377,160176,396,231,9
2378,158153,363,90,164
2379,160599,480,100,55
2380,164589,521,116,10
2381,160940,527,83,0
2382,160596,523,155,1
2383,159879,509,326,0
2384,160040,550,142,0
2385,159194,521,176,0
2386,155400,436,217,5
2387,147897,472,150,12
2388,144906,455,78,146
2389,142753,510,85,58
2390,143769,523,59,6
2391,144931,528,64,23
2392,144731,629,94,6
2393,145779,558,95,7
2394,145262,407,81,149
2395,140463,347,356,57
2396,141158,557,221,6
2397,143452,490,71,17
2398,142689,525,93,9
2399,148955,534,59,17
2400,148496,499,76,12
2401,149043,327,206,8
2402,146761,523,121,6
2403,138616,553,86,0
2404,128663,559,81,0
2405,126166,497,84,16
2406,123944,426,74,7
2407,129762,453,61,11
2408,136049,331,97,14
2409,136169,470,83,8
2410,135715,587,54,2
2411,135097,631,111,0
2412,134386,1456,449,0
2413,130257,1708,1031,0
2414,123790,797,432,9
2415,121434,360,30,137
2416,131900,284,11,85
2417,131244,613,20,9
2418,127909,682,141,0
2419,125479,630,125,2
2420,124696,690,86,0
2421,120399,629,107,0
2422,116541,575,90,21
2423,116380,442,34,159
2424,116300,496,39,101
2425,126532,431,50,164
2426,128841,430,42,162
2427,127432,535,38,111
2428,133762,413,93,172
2429,131509,549,88,85
2430,127722,618,107,10
2431,118606,535,99,4
2432,113250,439,216,2
2433,118835,388,119,60
2434,117497,461,65,62
2435,117157,547,66,20
2436,123759,574,85,9
2437,125849,517,43,69
2438,126397,544,23,71
2439,126355,590,60,32
2440,124825,608,49,20
2441,123949,888,81,24
2442,121246,726,170,28
2443,121257,577,55,33
2444,121428,354,47,178
2445,122811,553,12,68
2446,121781,626,108,12
2447,122779,370,150,194
2448,122529,500,158,70
2449,122532,554,201,10
2450,123073,555,110,59
2451,124515,380,50,197
2452,124309,483,80,66
2453,128682,641,37,33
2454,128808,556,164,7
2455,130024,370,79,205
2456,128980,330,18,261
2457,127756,391,0,269
2458,126143,506,29,79
2459,127947,570,63,17
2460,128122,564,95,6
2461,129006,562,21,69
2462,129181,625,117,20
2463,129056,533,141,1
2464,126355,508,394,114
2465,122991,733,115,53
2466,106625,496,53,11
2467,115606,259,66,143
2468,115001,454,111,35
2469,117284,264,76,167
2470,114660,402,90,47
2471,111048,452,129,9
2472,106350,299,220,0
2473,105377,376,104,2
2474,109492,332,79,1
2475,110724,464,25,0
2476,115096,395,53,0
2477,115763,339,52,7
2478,116805,355,8,31
2479,116882,338,17,21
2480,120162,311,86,20
2481,122055,405,61,2
2482,118013,432,124,0
2483,104789,228,147,0
2484,106255,286,81,0
2485,109961,287,26,0
2486,109019,296,8,23
2487,108164,376,26,4
2488,109675,372,60,0
2489,111587,432,81,0
2490,112114,379,46,0
2491,111155,372,66,0
2492,111194,303,107,0
2493,112641,340,62,20
2494,114271,403,8,4
2495,114716,374,54,65
2496,115963,357,44,41
2497,117214,384,44,9
2498,117305,365,36,75
2499,114356,335,119,84
2500,112659,275,272,25
2501,112678,582,189,1
2502,112978,557,59,40
2503,120243,439,114,22
2504,119181,561,135,2
2505,118386,540,122,18
2506,117183,506,74,1
2507,125082,478,98,16
2508,125451,592,69,9
2509,128881,496,174,0
2510,134443,312,152,0
2511,133630,597,37,0
2512,131390,574,65,1
2513,130362,398,21,187
2514,130659,496,31,69
2515,130616,656,39,13
2516,133729,600,64,0
2517,132415,637,131,0
2518,133534,681,65,1
2519,132004,687,65,0
2520,126950,561,119,8
2521,123991,583,120,5
2522,128183,454,332,18
2523,131205,496,215,8
2524,133126,541,161,1
2525,130792,515,95,1
2526,127927,355,57,135
2527,126443,409,89,71
2528,122405,448,52,19
2529,120258,477,72,4
2530,120391,355,198,0
2531,122082,333,118,8
2532,120139,314,120,11
2533,120053,388,51,8
2534,118500,404,10,33
2535,124517,294,78,20
2536,123247,517,77,1
2537,127094,508,169,27
2538,126122,305,114,161
2539,125192,465,46,84
2540,118777,509,104,4
2541,113743,638,132,8
2542,109486,400,236,3
2543,111176,180,163,9
2544,110016,377,70,46
2545,114963,429,25,73
2546,114912,512,31,15
2547,115044,546,26,25
2548,108149,410,38,12
2549,104743,373,37,38
2550,104737,392,37,22
2551,106379,241,99,9
2552,105525,358,64,2
2553,108979,447,60,14
2554,108445,514,77,5
2555,108096,526,48,19
2556,107095,470,25,13
2557,106219,470,28,4
2558,106037,403,94,58
2559,108618,392,85,56
2560,108405,481,56,10
2561,110008,256,80,163
2562,109823,365,64,71
2563,111685,297,228,5
2564,109259,458,112,12
2565,106279,506,67,3
2566,103837,394,55,68
2567,103333,206,97,57
2568,99248,269,128,13
2569,93230,360,81,9
2570,94482,375,49,10
2571,94825,440,187,2
2572,102929,743,109,0
2573,95126,522,27,0
2574,92484,404,32,0
2575,96134,371,33,0
2576,96287,262,115,0
2577,95808,350,65,44
2578,98113,245,157,53
2579,98585,271,124,10
2580,99582,248,114,16
2581,100274,360,61,7
2582,102937,362,25,7
2583,102255,232,60,113
2584,102612,326,71,59
2585,102511,379,20,30
2586,102499,454,43,8
2587,103416,407,66,0
2588,103843,301,37,12
2589,103056,328,37,15
2590,102302,384,36,3
2591,101203,399,12,2
2592,99800,376,112,0
2593,100939,384,163,0
2594,99003,392,95,0
2595,98434,371,29,11
2596,97231,250,147,1
2597,99471,228,189,0
2598,98090,266,100,111
2599,97678,477,47,50
2600,98734,521,33,0
2601,97463,463,70,1
2602,97633,331,70,0
2603,97550,383,49,36
2604,94648,376,45,8
2605,93360,282,105,10
2606,92272,349,100,13
2607,88772,356,126,4
2608,87395,366,44,30
2609,83328,288,21,39
2610,82271,264,33,66
2611,80216,236,26,44
2612,77597,255,965,54
2613,70153,264,572,24
2614,68184,202,96,4
2615,67824,144,55,66
2616,69769,185,39,41
2617,69242,271,25,2
2618,68336,180,21,64
2619,66173,174,24,43
2620,69147,204,17,9
2621,68591,230,70,2
2622,72998,165,118,6
2623,70611,209,115,0
2624,71009,185,74,77
2625,72031,242,42,50
2626,72964,212,127,10
2627,71277,226,99,15
2628,70243,290,44,15
2629,69731,386,57,2
2630,72892,334,82,7
2631,72215,295,43,30
2632,74334,296,22,40
2633,75796,315,24,21
2634,72332,291,135,4
2635,71238,292,148,0
2636,70047,265,156,0
2637,70962,274,61,0
2638,73065,297,19,33
2639,73760,320,39,33
2640,73541,353,27,8
2641,73059,239,108,8
2642,74014,266,71,14
2643,74541,339,11,3
2644,74500,259,40,89
2645,72631,254,36,63
2646,71857,298,47,5
2647,74543,315,35,4
2648,76106,336,18,6
2649,75362,354,22,7
2650,76005,356,69,8
2651,75814,284,45,32
2652,76442,333,25,30
2653,77806,362,35,12
2654,82152,361,82,1
2655,83386,422,72,0
2656,82667,461,55,0
2657,82549,475,58,0
2658,82108,465,43,0
2659,82303,409,31,5
2660,84868,405,82,12
2661,82560,443,134,77
2662,82479,476,70,81
2663,85109,534,47,27
2664,86282,540,46,5
2665,87298,536,36,5
2666,87305,439,31,112
2667,86748,448,24,98
2668,85498,382,26,155
2669,83828,214,152,96
2670,88797,402,91,9
2671,92827,558,47,27
2672,95770,535,55,44
2673,95492,551,34,19
2674,98947,534,42,0
2675,97037,429,204,0
2676,94320,460,123,0
2677,92932,318,30,119
2678,93940,359,43,89
2679,95072,483,139,9
2680,92912,411,114,8
2681,91534,341,111,20
2682,96474,307,165,13
2683,95590,337,97,0
2684,101231,385,51,4
2685,101729,364,62,3
2686,102975,296,142,54
2687,103985,286,90,47
2688,104367,241,57,90
2689,102323,256,54,72
2690,107498,378,38,11
2691,107389,388,23,7
2692,107193,370,10,17
2693,110174,282,32,90
2694,112353,328,28,79
2695,114974,411,27,2
2696,119240,412,37,2
2697,118750,436,75,0
2698,120586,434,46,15
2699,121749,340,26,7
2700,121444,371,31,20
2701,121951,324,34,116
2702,122033,388,73,87
2703,122582,447,79,7
2704,124513,499,74,0
2705,123643,538,76,0
2706,125020,514,91,0
2707,125430,472,85,36
2708,125410,535,18,19
2709,119943,507,209,0
2710,122222,409,179,30
2711,121864,436,81,16
2712,122018,317,49,129
2713,121042,479,38,73
2714,126415,397,29,14
2715,120940,1475,5,2
2716,118086,1983,13,11
2717,118174,1998,212,9
2718,114261,1945,166,1
2719,113144,1936,31,19
2720,109954,1904,41,14
2721,108690,1905,38,9
2722,106527,1877,115,13
2723,104261,1819,147,14
2724,102583,1767,94,12
2725,102116,1792,103,8
2726,106451,679,896,240
2727,105886,1050,345,350
2728,106643,1540,58,121
2729,107427,1627,40,8
2730,108921,1709,57,0
2731,109677,1595,63,1
2732,113777,1576,82,29
2733,115144,1563,110,35
2734,119689,1600,54,10
2735,119498,1738,12,0
2736,121058,1588,36,1
2737,119755,1414,55,73
2738,118722,782,32,718
2739,116160,1167,5,275
2740,114450,1389,14,38
2741,111723,1272,10,42
2742,114835,1200,22,14
2743,115589,1259,21,0
2744,117491,1260,25,0
2745,115160,1155,104,1
2746,112681,1394,52,0
2747,104254,924,166,0
2748,100933,655,81,0
2749,99340,558,36,109
2750,97347,566,77,41
2751,97023,604,170,28
2752,98672,507,104,38
2753,99473,405,55,98
2754,102894,467,48,37
2755,106943,412,14,90
2756,107976,471,35,36
2757,108897,491,39,32
2758,112217,479,55,19
2759,112362,508,21,1
2760,113946,395,26,109
2761,113757,439,65,54
2762,113156,474,51,3
2763,117411,442,51,5
2764,117907,437,33,2
2765,119383,470,40,1
2766,119694,382,19,109
2767,120361,411,46,74
2768,120615,572,30,9
2769,123183,548,62,2
2770,125254,466,185,7
2771,122317,493,149,5
2772,121250,547,69,0
2773,119230,490,64,28
2774,116905,464,51,24
2775,116035,495,113,4
2776,113218,397,59,0
2777,113672,321,63,97
2778,114183,425,38,51
2779,114840,511,72,0
2780,115543,450,70,8
2781,114999,422,56,8
2782,114673,353,70,9
2783,113991,366,127,7
2784,115273,449,126,0
2785,116544,412,39,0
2786,114893,399,81,0
2787,113778,362,118,17
2788,112723,293,47,62
2789,112566,329,18,58
2790,111353,342,76,71
2791,111556,338,54,52
2792,103113,360,48,12
2793,99175,431,97,0
2794,101242,411,53,0
2795,99758,301,80,98
2796,95708,306,44,48
2797,92221,206,50,92
2798,86841,525,77,45
2799,78164,348,145,0
2800,74810,123,82,2
2801,75175,206,46,8
2802,75689,189,22,95
2803,75692,562,36,59
2804,80711,378,10,5
2805,79745,1761,11,181
2806,80246,1114,15,89
2807,76950,2016,15,9
2808,72006,2714,16,10
2809,69449,2655,39,42
2810,69043,1108,37,1548
2811,72189,1937,23,737
2812,74059,2622,17,32
2813,72963,2512,6,54
2814,74778,2512,17,12
2815,75502,2415,8,55
2816,75291,1062,19,1402
2817,76684,1730,32,694
2818,73124,2302,20,3
2819,70731,2240,15,0
2820,72151,966,1188,0
2821,71380,1422,609,24
2822,75183,1930,13,14
2823,76119,2023,65,1
2824,79792,2013,18,25
2825,81359,1994,9,11
2826,84136,1964,21,39
2827,84346,1945,21,17
2828,84399,1944,61,1
2829,86900,1936,40,0
2830,86805,1851,17,44
2831,87396,879,14,1038
2832,88400,1388,46,539
2833,89482,927,34,5
2834,88942,1272,5,5
2835,90619,1629,80,7
2836,91411,1514,92,10
2837,91580,1535,85,53
2838,93402,1507,143,15
2839,99631,1428,69,22
2840,100606,1486,11,13
2841,101231,1445,0,2
2842,100929,1212,25,122
2843,101910,1263,25,74
2844,101526,1200,46,13
2845,101175,1093,57,6
2846,104743,1101,82,0
2847,108035,1059,67,3
2848,108200,1030,72,1
2849,110374,902,65,109
2850,110089,952,63,64
2851,111804,637,22,11
2852,110918,850,72,6
2853,110082,1036,30,34
2854,110695,991,23,21
2855,111227,927,74,0
2856,115320,929,91,0
2857,116011,531,211,0
2858,117768,655,91,1
2859,118306,712,25,133
2860,116908,678,80,75
2861,117162,807,54,18
2862,116209,848,6,9
2863,114459,754,82,0
2864,114102,563,32,128
2865,112225,634,64,59
2866,110349,673,40,2
2867,118106,652,78,2
2868,116810,578,95,0
2869,118992,547,60,0
2870,118632,555,39,0
2871,117076,477,68,15
2872,115729,531,57,28
2873,114958,550,99,33
2874,112756,538,218,13
2875,111505,480,108,1
2876,111509,340,31,97
2877,111565,278,172,746
2878,110048,1109,107,385
2879,113629,749,237,5
2880,110947,1221,135,1
2881,110127,1704,37,0
2882,109620,1736,75,0
2883,124043,1577,45,4
2884,120593,1580,74,3
2885,120625,1531,51,17
2886,124571,1501,26,16
2887,122814,1557,57,4
2888,124632,1302,207,6
2889,123433,1412,141,25
2890,116428,1393,106,5
2891,114425,1217,65,0
2892,115544,705,503,1
2893,116983,914,317,7
2894,118772,999,58,175
2895,118833,932,23,254
2896,123080,924,8,88
2897,121584,1131,96,3
2898,117001,1124,80,0
2899,116573,1073,52,0
2900,114769,1005,29,13
2901,113396,1027,6,39
2902,110974,975,87,15
2903,110229,942,34,25
2904,110407,822,220,14
2905,109265,870,110,17
2906,103094,726,61,180
2907,98946,557,217,82
2908,98940,689,108,7
2909,102548,578,17,10
2910,103826,497,305,2
2911,103859,670,277,4
2912,103791,811,105,75
2913,107199,607,48,257
2914,106449,729,19,106
2915,106472,816,23,37
2916,105331,748,105,90
2917,103972,492,66,219
2918,99683,600,38,97
2919,99140,682,88,13
2920,97896,664,64,5
2921,97220,692,31,0
2922,97379,610,31,3
2923,98845,480,159,8
2924,98164,459,93,165
2925,99560,558,47,76
2926,100343,585,33,8
2927,101426,613,41,0
2928,100416,636,76,0
2929,98089,619,120,0
2930,96775,679,453,33
2931,88550,846,367,14
2932,80712,538,126,0
2933,82690,386,86,1
2934,81658,387,45,0
2935,80750,413,26,49
2936,80392,300,14,104
2937,82781,251,74,77
2938,85221,340,39,22
2939,85978,376,20,6
2940,88620,355,10,12
2941,90787,403,20,19
2942,91344,481,43,37
2943,94166,419,64,16
2944,94038,316,52,51
2945,94948,320,18,54
2946,95371,383,16,12
2947,95690,306,28,54
2948,97892,334,12,46
2949,94889,308,17,57
2950,92799,294,59,81
2951,92221,283,49,45
2952,93202,259,38,9
2953,91417,346,6,117
2954,86522,343,12,73
2955,84013,375,50,3
2956,82870,272,62,32
2957,81930,268,39,31
2958,79943,278,15,9
2959,76762,276,23,18
2960,75584,250,23,3
2961,79241,274,19,0
2962,78486,300,61,0
2963,79268,295,34,0
2964,79193,177,105,21
2965,79638,203,57,31
2966,78324,232,44,16
2967,78241,260,61,10
2968,75545,281,99,47
2969,74692,307,67,30
2970,74042,306,48,9
2971,73562,235,46,11
2972,73364,209,81,4
2973,72412,213,54,52
2974,70426,275,28,29
2975,68151,179,10,86
2976,65893,251,0,41
2977,64540,273,88,10
2978,66621,116,97,4
2979,66406,182,24,6
2980,66664,228,60,7
2981,67336,276,36,6
2982,66658,318,22,2
2983,65431,601,72,85
2984,58924,283,84,55
2985,58705,177,30,4
2986,60279,285,20,6
2987,62891,244,97,0
2988,61769,221,46,2
2989,60295,219,31,2
2990,61187,153,106,3
2991,59196,227,82,2
2992,57291,284,31,0
2993,56770,265,32,8
2994,56027,261,37,1
2995,57596,254,35,0
2996,57056,230,8,10
2997,60576,260,14,29
2998,61313,259,4,6
2999,64077,264,0,16
3000,64771,209,83,3
3001,65292,197,86,10
3002,64988,286,51,3
3003,65661,310,63,0
3004,67606,275,35,0
3005,68584,144,49,77
3006,68728,197,22,46
3007,70434,256,10,26
3008,70673,277,16,36
3009,69427,351,65,10
3010,69595,213,70,126
3011,71037,239,51,68
3012,72744,324,21,5
3013,83731,180,46,128
3014,83107,248,29,76
3015,84178,313,23,39
3016,79711,311,29,10
3017,77776,360,30,3
3018,79938,313,4,19
3019,80848,335,31,11
3020,81381,357,6,0
3021,81910,302,29,8
3022,83032,250,61,9
3023,84652,334,40,4
3024,86116,418,3,0
3025,92665,212,44,120
3026,92400,302,32,49
3027,91366,300,65,11
3028,91224,290,24,1
3029,92067,323,30,11
3030,92146,305,41,12
3031,99104,333,44,17
3032,98027,229,159,3
3033,99018,317,132,0
3034,98062,451,37,0
3035,96621,406,23,5
3036,97159,257,55,119
3037,95400,256,77,48
3038,95124,308,46,43
3039,94634,329,28,18
3040,95783,240,34,167
3041,96574,350,32,69
3042,96730,442,25,11
3043,97118,379,68,155
3044,94300,424,29,57
3045,94693,438,25,14
3046,95355,323,279,12
3047,95205,488,195,8
3048,90560,418,141,8
3049,88204,399,114,12
3050,88869,424,49,4
3051,91834,427,16,0
3052,91711,403,16,17
3053,90559,447,77,5
3054,91417,345,60,37
3055,90298,364,40,42
3056,89807,424,69,24
3057,92278,380,87,3
3058,90979,344,45,10
3059,89677,1356,13,260
3060,90275,974,41,104
3061,85307,432,40,0
3062,87363,277,41,3
3063,86286,262,76,5
3064,83005,254,99,0
3065,79682,185,74,75
3066,81183,237,30,37
3067,80658,308,27,11
3068,79455,347,45,74
3069,81895,163,36,27
3070,82494,3066,19,48
3071,81804,1354,11,2919
3072,82519,3172,26,1116
3073,82624,4334,11,4
3074,83144,4180,28,123
3075,85321,4285,31,55
3076,86922,4353,27,13
3077,86777,4296,62,0
3078,86177,4236,27,0
3079,85933,4215,21,14
3080,83054,4036,42,13
3081,86147,3995,40,14
3082,86055,4000,24,8
3083,90599,3928,39,0
3084,92332,3927,21,3
3085,91317,3729,41,129
3086,86688,3488,91,65
3087,85448,3394,98,12
3088,81654,3107,68,7
3089,83183,2960,37,0
3090,84679,1022,1974,0
3091,86139,2262,728,2
3092,86403,2779,17,128
3093,82669,2652,48,78
3094,80942,2626,29,38
3095,82934,2632,11,28
3096,84681,2632,12,9
3097,88347,2569,22,1
3098,87804,2478,29,0
3099,89237,2461,33,0
3100,90190,2469,30,0
3101,91422,2429,37,0
3102,93998,2420,38,13
3103,93853,2373,31,14
3104,91381,2303,65,1
3105,92788,2077,121,0
3106,92169,1989,77,0
3107,92279,1855,78,9
3108,90445,1734,95,3
3109,90804,1633,138,0
3110,91000,1397,54,113
3111,91821,1424,5,64
3112,94046,1420,102,2
3113,93174,1357,93,2
3114,94136,1297,94,0
3115,94598,1306,61,20
3116,99128,1179,60,24
3117,98647,1065,33,11
3118,97019,1058,27,1
3119,96641,1069,27,22
3120,100390,908,95,13
3121,98755,774,114,57
3122,98758,465,150,369
3123,98822,629,123,102
3124,104584,710,46,16
3125,105891,630,37,12
3126,106516,610,59,0
3127,105183,613,81,0
3128,104168,515,49,13
3129,105657,477,51,18
3130,107839,474,78,3
3131,110973,455,88,1
3132,112627,450,93,1
3133,115920,416,99,0
3134,115614,420,71,0
3135,115813,393,41,0
3136,115143,393,16,0
3137,119583,438,15,16
3138,117625,470,78,7
3139,117832,419,49,17
3140,117717,264,41,98
3141,117114,296,81,72
3142,116911,360,66,7
3143,116357,357,22,14
3144,116055,448,2,6
3145,115225,460,36,8
3146,113213,335,80,19
3147,112723,284,43,14
3148,112723,317,44,21
3149,118847,357,72,6
3150,122575,358,59,0
3151,123926,265,77,6
3152,125153,320,59,3
3153,124585,415,81,0
3154,123572,457,72,20
3155,122541,531,36,17
3156,119397,369,57,107
3157,119434,342,77,81
3158,117555,473,74,4
3159,116086,451,98,0
3160,114528,394,28,6
3161,118743,388,30,10
3162,123527,455,99,3
3163,121971,475,119,0
3164,118662,413,76,0
3165,118471,367,25,26
3166,120399,451,31,13
3167,121611,415,7,20
3168,122661,278,34,110
3169,122456,333,61,80
3170,124592,429,55,14
3171,123967,686,219,94
3172,119507,692,452,78
3173,113009,461,388,4
3174,112992,386,86,14
3175,113547,367,25,6
3176,113822,361,38,2
3177,113786,342,30,32
3178,116468,377,32,22
3179,114654,460,30,4
3180,112527,506,86,0
3181,109738,394,132,0
3182,103772,369,204,0
3183,99284,328,165,13
3184,98075,249,45,33
3185,99033,280,24,44
3186,100253,273,44,25
3187,100795,265,35,26
3188,101879,228,66,78
3189,107362,360,33,57
3190,106505,445,62,7
3191,107341,288,60,98
3192,106724,270,36,101
3193,107539,346,47,70
3194,109107,406,53,25
3195,111442,425,47,1
3196,111729,423,62,1
3197,112186,465,67,0
3198,113959,483,86,2
3199,114037,292,71,103
3200,113693,353,46,72
3201,113421,438,75,3
3202,115675,312,86,95
3203,115385,315,40,108
3204,112533,356,39,79
3205,106046,408,11,24
3206,103104,359,118,14
3207,107464,363,110,12
3208,106960,340,66,41
3209,104564,307,44,68
3210,105200,283,177,32
3211,104809,371,94,5
3212,100235,366,35,1
3213,95210,344,20,10
3214,96725,364,15,17
3215,95012,320,9,34
3216,99699,336,21,24
3217,99349,398,40,8
3218,102302,325,36,36
3219,98908,273,59,20
3220,98045,249,107,14
3221,98065,318,30,32
3222,107431,350,21,12
3223,107647,315,60,0
3224,109788,298,33,35
3225,109035,337,34,16
3226,110920,344,27,22
3227,110743,344,48,11
3228,111850,396,206,0
3229,114012,417,114,0
3230,113006,410,36,19
3231,114267,390,31,53
3232,113982,464,25,15
3233,115385,460,42,0
3234,116457,443,73,1
3235,116837,416,57,64
3236,118102,416,17,68
3237,119949,313,66,156
3238,120159,412,81,68
3239,120680,395,28,130
3240,125355,388,164,65
3241,125507,507,99,6
3242,126764,547,88231,11
3243,124554,439,36986,6
3244,128908,488,142,1
3245,129474,376,194,1
3246,133253,297,126,131
3247,133605,412,65,72
3248,133800,578,71,4
3249,133057,538,51,34
3250,136202,555,45,14
3251,135479,583,49,3
3252,135057,592,75,25
3253,130061,442,63,76
3254,128796,463,45,67
3255,127772,348,57,168
3256,127781,425,50,81
3257,125623,371,72,70
3258,123431,424,50,56
3259,118947,489,143,32
3260,123439,457,655,55
3261,123677,444,295,14
3262,123479,644,10,0
3263,117975,586,23,15
3264,115515,415,71,4
3265,114639,465,396,3
3266,111639,354,369,0
3267,110458,381,63,16
3268,109117,518,15,8
3269,110951,482,48,5
3270,110556,391,142,29
3271,110023,467,61,25
3272,109197,514,52,2
3273,107260,531,61,0
3274,108673,453,38,12
3275,111724,471,62,11
3276,111277,328,221,3
3277,116067,429,95,10
3278,114633,624,13,2
3279,117546,568,42,62
3280,109395,503,78,20
3281,109535,547,33,24
3282,110318,532,2,6
3283,108706,620,0,34
3284,106613,600,21,16
3285,112992,301,62,157
3286,113574,433,26,67
3287,115137,530,22,57
3288,117326,579,31,24
3289,114984,612,39,0
3290,113525,522,52,7
3291,112322,488,90,33
3292,113298,461,47,52
3293,111334,463,53,35
3294,114848,439,135,28
3295,112282,502,168,6
3296,109239,479,105,1
3297,109452,400,92,26
3298,112001,399,51,40
3299,113504,428,42,33
3300,115802,505,42,28
3301,117395,523,38,74
3302,117492,601,53,72
3303,117762,578,72,12
3304,117092,485,126,0
3305,117405,481,143,0
3306,119884,546,81,25
3307,119348,517,71,10
3308,121656,505,27,39
3309,121030,525,28,11
3310,122840,566,51,0
3311,122025,602,53,1
3312,121394,470,44,64
3313,121809,468,36,74
3314,128940,530,55,23
3315,129227,573,87,9
3316,129235,568,35,44
3317,126295,623,0,12
3318,124696,564,47,0
3319,122659,594,83,0
3320,122359,565,106,1
3321,128164,497,68,5
3322,126769,440,21,49
3323,127144,484,13,69
3324,125558,474,9,63
3325,124874,374,0,123
3326,123806,457,52,75
3327,122314,510,61,12
3328,129196,491,58,19
3329,127839,424,51,4
3330,128327,470,20,2
3331,127176,370,55,78
3332,128100,354,93,55
3333,126126,441,90,9
3334,128251,397,33,33
3335,124280,415,33,16
3336,119702,362,80,0
3337,115315,303,59,0
3338,121595,330,14,21
3339,121432,344,33,10
3340,123288,388,26,16
3341,129632,417,17,13
3342,130492,552,32,5
3343,126946,535,84,0
3344,125675,455,34,26
3345,124902,507,0,10
3346,132224,514,33,17
3347,130967,534,48,11
3348,145496,401,27,4
3349,144168,507,64,0
3350,142495,632,112,0
3351,138547,535,65,0
3352,138105,543,84,20
3353,137609,551,72,42
3354,137265,498,13,37
3355,137502,491,33,18
3356,148105,535,55,19
3357,149231,567,92,7
3358,151331,617,114,0
3359,152926,536,76,45
3360,154297,499,93,19
3361,151617,297,322,2
3362,152550,250,158,7
3363,149163,423,71,7
3364,144359,495,59,20
3365,143090,590,44,4
3366,145282,581,50,33
3367,144239,574,15,90
3368,141803,783,46,91
3369,137220,646,84,24
3370,137364,491,50,16
3371,140891,295,56,208
3372,141697,466,58,63
3373,140931,315,264,2
3374,142413,222,124,187
3375,143494,465,62,60
3376,143749,625,97,1
3377,141904,836,144,0
3378,137470,662,144,0
3379,136393,533,129,0
3380,135187,575,36,235
3381,132249,504,34,87
3382,134334,383,94,7
3383,137854,385,57,6
3384,133727,389,108,0
3385,131997,481,47,28
3386,127198,417,33,5
3387,126169,396,114,0
3388,127229,230,38,152
3389,127384,383,30,53
3390,127482,451,24,25
3391,124535,368,61,29
3392,127078,318,37,41
3393,124228,493,4,15
3394,123063,295,208,1
3395,124289,231,77,142
3396,124249,332,61,43
3397,124723,434,86,24
3398,123385,349,59,53
3399,125611,375,32,28
3400,124399,364,92,37
3401,129633,385,62,11
3402,130461,392,33,0
3403,131951,387,34,45
3404,128943,431,12,13
3405,127200,511,72,0
3406,127381,526,22,0
3407,127214,281,0,129
3408,128024,203,69,57
3409,131366,388,39,10
3410,130864,450,50,6
3411,130048,455,45,10
3412,129405,419,55,10
3413,128011,426,39,20
3414,126523,479,52,19
3415,130239,486,99,25
3416,129343,517,66,20
3417,130499,590,88,5
3418,131832,468,120,12
3419,130547,447,185,3
3420,132015,484,120,0
3421,129844,476,37,33
3422,127163,438,36,13
3423,124419,478,50,10
3424,126906,586,166,5
3425,127299,455,91,3
3426,126274,640,62,137
3427,125557,835,59,75
3428,125735,864,43,6
3429,125738,989,36,19
3430,118394,854,46,8
3431,106540,702,90,33
3432,109317,453,58,238
3433,108588,605,162,101
3434,113874,741,115,37
3435,106218,738,110,6
3436,108571,595,189,12
3437,108443,463,69,98
3438,106979,623,41,51
3439,106011,593,48,18
3440,102912,394,81,164
3441,102486,504,68,81
3442,104008,1516,224,8
3443,113996,489,14,11
3444,114327,4208,31,5
3445,115160,5823,27,3
3446,115973,5792,101,11
3447,116100,5849,78,12
3448,117957,5599,90,130
3449,118772,4499,49,1251
3450,120637,3398,230,204
3451,123164,4316,878,7
3452,126357,5583,50,22
3453,129448,5524,64,16
3454,131508,5490,92,8
3455,135905,5457,66,41
3456,138010,1412,2629,951
3457,137360,4878,758,64
3458,135010,5210,917,53
3459,121711,4815,277,29
3460,119064,4513,47,0
3461,120235,4439,47,30
3462,122789,4461,33,19
3463,123383,4419,14,27
3464,121431,4189,66,35
3465,122871,2878,36,1247
3466,128748,2337,1279,518
3467,130076,2736,234,1024
3468,132708,2651,45,1229
3469,132118,3515,65,356
3470,133027,3534,292,35
3471,130947,3557,117,19
3472,132778,3488,91,3
3473,137636,3398,56,106
3474,137671,2743,131,816
3475,139893,3638,49,30
3476,140123,3220,97,132
3477,141463,2494,60,875
3478,142517,3194,202,92
3479,142266,3270,76,61
3480,143002,2268,175,888
3481,147319,541,20,264
3482,142253,8280,56,13
3483,135241,7586,233,32
3484,127389,5066,2342,15
3485,124993,6990,166,1
3486,131931,6854,39,10
3487,132815,6729,38,0
3488,130338,6419,29,0
3489,130363,6125,30,33
3490,129744,6105,45,7
3491,127381,5765,77,16
3492,125420,5631,47,17
3493,126315,5513,53,0
3494,125727,5424,55,15
3495,125545,5189,33,182
3496,125502,3371,41,1853
3497,124909,5132,44,38
3498,123461,3943,69,1111
3499,118607,4431,103,105
3500,114205,4123,54,175
3501,109526,2432,138,1452
3502,105183,3663,100,23
3503,98125,3272,94,2
3504,98720,1213,1197,0
3505,99506,2402,783,0
3506,100101,2139,1001,23
3507,100698,3195,45,13
3508,100031,3268,137,29
3509,98065,2925,81,3
3510,94234,2708,32,4
3511,94230,2785,67,7
3512,91866,3643,399,358
3513,80806,1689,457,11
3514,68391,1119,602,0
3515,69223,1133,476,9
3516,68017,1400,84,88
3517,67813,1079,31,363
3518,65744,1241,11,90
3519,65349,1127,83,324
3520,63533,1218,53,22
3521,63821,835,43,283
3522,63217,1100,81,11
3523,63207,1127,33,15
3524,62927,1019,31,17
3525,62576,1047,28,7
3526,61504,980,40,20
3527,59518,687,51,227
3528,56217,784,62,15
3529,55087,663,35,85
3530,47534,421,60,147
3531,42009,506,44,11
3532,38015,503,40,0
3533,37021,119,79,0
3534,36028,254,198,1
3535,35513,447,8,3
3536,34821,917,12,4
3537,34029,161,6,2
3538,28881,1976,9,1
3539,24914,1722,16,1
3540,24325,1593,73,15
3541,23942,1353,5,303
3542,23008,1478,44,95
3543,21388,1498,34,13
3544,20385,977,462,0
3545,20098,1003,420,2
3546,19592,1390,13,1
3547,18879,1273,6,3
3548,18374,1317,13,0
3549,18036,1294,15,2
3550,16675,1183,26,0
3551,16332,1184,19,0
3552,16156,1159,12,0
3553,15294,1056,50,4
3554,14812,1073,6,0
3555,14542,1008,18,3
3556,13808,1018,3,0
3557,9242,703,18,1
3558,3809,354,3,0
3559,3503,322,3,0
3560,2993,283,5,0
3561,1759,162,31,0
3562,628,80,1,0
3563,590,48,0,0
3564,502,67,0,0
3565,482,67,3,1
3566,368,49,7,1
3567,20,3,0,0
3568,13,2,0,0
3569,11,1,0,1
3570,9,1,0,0
3571,0,0,0,0
3572,0,0,0,0
3573,0,0,0,0
