codonPosition,expected_pN,expected_pS,expected_pStops,position,sequence
32,9,0,0,96,ATG
33,8,1,0,99,AAT
34,8,1,0,102,AAC
35,7,1,1,105,CAA
36,4,4,1,108,CGA
37,7,1,1,111,AAA
38,7,1,1,114,AAG
39,6,3,0,117,GCG
40,6,2,1,120,AGA
41,8,1,0,123,AAT
42,6,3,0,126,ACG
43,6,3,0,129,CCT
44,8,1,0,132,TTC
45,8,1,0,135,AAT
46,9,0,0,138,ATG
47,5,4,0,141,CTG
48,7,1,1,144,AAA
49,6,3,0,147,CGC
50,7,1,1,150,GAG
51,6,2,1,153,AGA
52,8,1,0,156,AAC
53,6,3,0,159,CGC
54,6,3,0,162,GTG
55,6,2,1,165,TCG
56,6,3,0,168,ACT
57,6,3,0,171,GTA
58,7,1,1,174,CAA
59,7,1,1,177,CAG
60,5,4,0,180,CTG
61,6,3,0,183,ACA
62,7,1,1,186,AAG
63,6,2,1,189,AGA
64,8,1,0,192,TTC
65,5,2,2,195,TCA
66,6,3,0,198,CTT
67,5,3,1,201,GGA
68,9,0,0,204,ATG
69,5,4,0,207,CTG
70,7,1,1,210,CAG
71,5,3,1,213,GGA
72,4,4,1,216,CGA
73,5,3,1,219,GGA
74,6,3,0,222,CCA
75,5,2,2,225,TTA
76,7,1,1,228,AAA
77,5,4,0,231,CTG
78,8,1,0,234,TTC
79,9,0,0,237,ATG
80,6,3,0,240,GCC
81,5,4,0,243,CTG
82,6,3,0,246,GTG
83,6,3,0,249,GCG
84,8,1,0,252,TTC
85,6,3,0,255,CTT
86,6,3,0,258,CGT
87,8,1,0,261,TTC
88,5,4,0,264,CTA
89,6,3,0,267,ACA
90,7,2,0,270,ATC
91,6,3,0,273,CCA
92,6,3,0,276,CCA
93,6,3,0,279,ACA
94,6,3,0,282,GCA
95,6,3,0,285,GGG
96,7,2,0,288,ATA
97,5,4,0,291,CTG
98,7,1,1,294,AAG
99,6,2,1,297,AGA
100,7,0,2,300,TGG
101,5,3,1,303,GGA
102,6,3,0,306,ACA
103,7,2,0,309,ATT
104,7,1,1,312,AAA
105,7,1,1,315,AAA
106,5,2,2,318,TCA
107,7,1,1,321,AAA
108,6,3,0,324,GCC
109,7,2,0,327,ATT
110,8,1,0,330,AAT
111,6,3,0,333,GTT
112,6,2,1,336,TTG
113,6,2,1,339,AGA
114,6,3,0,342,GGG
115,8,1,0,345,TTC
116,7,2,0,348,AGG
117,7,1,1,351,AAA
118,7,1,1,354,GAG
119,7,2,0,357,ATT
120,5,3,1,360,GGA
121,7,2,0,363,AGG
122,9,0,0,366,ATG
123,5,4,0,369,CTG
124,8,1,0,372,AAC
125,7,2,0,375,ATC
126,6,2,1,378,TTG
127,8,1,0,381,AAC
128,7,2,0,384,AGG
129,6,2,1,387,AGA
130,6,3,0,390,CGC
131,6,2,1,393,AGA
132,6,3,0,396,ACT
133,6,3,0,399,GCA
134,6,3,0,402,GGC
135,9,0,0,405,ATG
136,7,2,0,408,ATC
137,7,2,0,411,ATT
138,9,0,0,414,ATG
139,5,4,0,417,CTG
140,7,2,0,420,ATT
141,6,3,0,423,CCA
142,6,3,0,426,ACA
143,6,3,0,429,GTG
144,9,0,0,432,ATG
145,6,3,0,435,GCG
146,8,1,0,438,TTC
147,8,1,0,441,CAT
148,5,2,2,444,TTA
149,6,3,0,447,ACC
150,6,3,0,450,ACA
151,6,3,0,453,CGT
152,8,1,0,456,AAC
153,5,3,1,459,GGA
154,7,1,1,462,GAA
155,6,3,0,465,CCA
156,8,1,0,468,CAC
157,9,0,0,471,ATG
158,7,2,0,474,ATC
159,6,3,0,477,GTC
160,8,1,0,480,AGT
161,6,2,1,483,AGA
162,7,1,1,486,CAA
163,7,1,1,489,GAG
164,7,1,1,492,AAA
165,6,3,0,495,GGG
166,7,1,1,498,AAA
167,8,1,0,501,AGT
168,6,3,0,504,CTT
169,5,4,0,507,CTG
170,8,1,0,510,TTT
171,7,1,1,513,AAA
172,6,3,0,516,ACA
173,7,1,1,519,GAG
174,8,1,0,522,GAT
175,6,3,0,525,GGT
176,6,3,0,528,GTG
177,8,1,0,531,AAC
178,9,0,0,534,ATG
179,7,1,1,537,TGT
180,6,3,0,540,ACC
181,6,3,0,543,CTC
182,9,0,0,546,ATG
183,6,3,0,549,GCC
184,9,0,0,552,ATG
185,8,1,0,555,GAC
186,6,3,0,558,CTT
187,6,3,0,561,GGT
188,7,1,1,564,GAA
189,6,2,1,567,TTG
190,7,1,1,570,TGT
191,7,1,1,573,GAA
192,8,1,0,576,GAT
193,6,3,0,579,ACA
194,7,2,0,582,ATC
195,6,3,0,585,ACG
196,6,1,2,588,TAC
197,7,1,1,591,AAG
198,7,1,1,594,TGT
199,6,3,0,597,CCT
200,8,1,0,600,TTT
201,6,3,0,603,CTC
202,7,2,0,606,AGG
203,7,1,1,609,CAG
204,8,1,0,612,AAT
205,7,1,1,615,GAA
206,6,3,0,618,CCA
207,7,1,1,621,GAA
208,8,1,0,624,GAC
209,7,2,0,627,ATA
210,8,1,0,630,GAT
211,7,1,1,633,TGT
212,7,0,2,636,TGG
213,7,1,1,639,TGC
214,8,1,0,642,AAC
215,7,2,0,645,TCT
216,6,3,0,648,ACG
217,9,0,0,651,TCC
218,6,3,0,654,ACA
219,7,0,2,657,TGG
220,6,3,0,660,GTA
221,6,3,0,663,ACT
222,6,1,2,666,TAT
223,6,3,0,669,GGG
224,6,3,0,672,ACG
225,7,1,1,675,TGT
226,6,3,0,678,ACC
227,6,3,0,681,ACC
228,6,3,0,684,ACA
229,5,3,1,687,GGA
230,7,1,1,690,GAA
231,8,1,0,693,CAC
232,6,2,1,696,AGA
233,6,2,1,699,AGA
234,7,1,1,702,GAA
235,7,1,1,705,AAA
236,6,2,1,708,AGA
237,5,2,2,711,TCA
238,6,3,0,714,GTG
239,6,3,0,717,GCA
240,6,3,0,720,CTC
241,6,3,0,723,GTT
242,6,3,0,726,CCA
243,8,1,0,729,CAT
244,6,3,0,732,GTG
245,5,3,1,735,GGA
246,9,0,0,738,ATG
247,5,3,1,741,GGA
248,5,4,0,744,CTG
249,7,1,1,747,GAG
250,6,3,0,750,ACA
251,4,4,1,753,CGA
252,6,3,0,756,ACT
253,7,1,1,759,GAA
254,6,3,0,762,ACA
255,7,0,2,765,TGG
256,9,0,0,768,ATG
257,5,2,2,771,TCA
258,5,2,2,774,TCA
259,7,1,1,777,GAA
260,6,3,0,780,GGG
261,6,3,0,783,GCC
262,7,0,2,786,TGG
263,7,1,1,789,AAA
264,8,1,0,792,CAT
265,6,3,0,795,GCC
266,7,1,1,798,CAG
267,6,2,1,801,AGA
268,7,2,0,804,ATT
269,7,1,1,807,GAA
270,6,3,0,810,ACT
271,7,0,2,813,TGG
272,7,2,0,816,ATC
273,6,2,1,819,TTG
274,6,2,1,822,AGA
275,8,1,0,825,CAT
276,6,3,0,828,CCA
277,6,3,0,831,GGC
278,8,1,0,834,TTT
279,6,3,0,837,ACC
280,7,2,0,840,ATA
281,9,0,0,843,ATG
282,6,3,0,846,GCA
283,6,3,0,849,GCA
284,7,2,0,852,ATC
285,5,4,0,855,CTG
286,6,3,0,858,GCA
287,6,1,2,861,TAC
288,6,3,0,864,ACC
289,7,2,0,867,ATA
290,5,3,1,870,GGA
291,6,3,0,873,ACG
292,6,3,0,876,ACA
293,8,1,0,879,CAT
294,8,1,0,882,TTC
295,7,1,1,885,CAA
296,6,2,1,888,AGA
297,6,3,0,891,GCC
298,5,4,0,894,CTG
299,7,2,0,897,ATT
300,8,1,0,900,TTC
301,7,2,0,903,ATC
302,5,2,2,906,TTA
303,5,4,0,909,CTG
304,6,3,0,912,ACA
305,6,3,0,915,GCT
306,6,3,0,918,GTC
307,6,3,0,921,GCT
308,6,3,0,924,CCT
309,5,2,2,927,TCA
310,9,0,0,930,ATG
311,6,3,0,933,ACA
312,9,0,0,936,ATG
313,6,3,0,939,CGT
314,7,1,1,942,TGC
315,7,2,0,945,ATA
316,5,3,1,948,GGA
317,7,2,0,951,ATA
318,5,2,2,954,TCA
319,8,1,0,957,AAT
320,6,2,1,960,AGA
321,8,1,0,963,GAC
322,8,1,0,966,TTT
323,6,3,0,969,GTA
324,7,1,1,972,GAA
325,6,3,0,975,GGG
326,6,3,0,978,GTT
327,5,2,2,981,TCA
328,5,3,1,984,GGA
329,5,3,1,987,GGA
330,8,1,0,990,AGC
331,7,0,2,993,TGG
332,6,3,0,996,GTT
333,8,1,0,999,GAC
334,7,2,0,1002,ATA
335,6,3,0,1005,GTC
336,5,2,2,1008,TTA
337,7,1,1,1011,GAA
338,8,1,0,1014,CAT
339,5,3,1,1017,GGA
340,8,1,0,1020,AGC
341,7,1,1,1023,TGT
342,6,3,0,1026,GTG
343,6,3,0,1029,ACG
344,6,3,0,1032,ACG
345,9,0,0,1035,ATG
346,6,3,0,1038,GCA
347,7,1,1,1041,AAA
348,8,1,0,1044,AAC
349,7,1,1,1047,AAA
350,6,3,0,1050,CCA
351,6,3,0,1053,ACA
352,6,2,1,1056,TTG
353,8,1,0,1059,GAT
354,8,1,0,1062,TTT
355,7,1,1,1065,GAA
356,5,4,0,1068,CTG
357,7,2,0,1071,ATA
358,7,1,1,1074,AAA
359,6,3,0,1077,ACA
360,7,1,1,1080,GAA
361,6,3,0,1083,GCC
362,7,1,1,1086,AAA
363,7,1,1,1089,CAA
364,6,3,0,1092,CCT
365,6,3,0,1095,GCC
366,6,3,0,1098,ACT
367,5,4,0,1101,CTA
368,7,2,0,1104,AGG
369,7,1,1,1107,AAG
370,6,1,2,1110,TAC
371,7,1,1,1113,TGT
372,7,2,0,1116,ATA
373,7,1,1,1119,GAG
374,6,3,0,1122,GCA
375,7,1,1,1125,AAG
376,5,4,0,1128,CTG
377,6,3,0,1131,ACC
378,8,1,0,1134,AAC
379,6,3,0,1137,ACA
380,6,3,0,1140,ACA
381,6,3,0,1143,ACA
382,8,1,0,1146,GAT
383,7,2,0,1149,TCT
384,6,3,0,1152,CGC
385,7,1,1,1155,TGC
386,6,3,0,1158,CCA
387,6,3,0,1161,ACA
388,7,1,1,1164,CAA
389,5,3,1,1167,GGA
390,7,1,1,1170,GAA
391,6,3,0,1173,CCC
392,8,1,0,1176,AGC
393,5,4,0,1179,CTA
394,8,1,0,1182,AAT
395,7,1,1,1185,GAA
396,7,1,1,1188,GAG
397,7,1,1,1191,CAG
398,8,1,0,1194,GAC
399,7,1,1,1197,AAA
400,7,2,0,1200,AGG
401,8,1,0,1203,TTC
402,6,3,0,1206,GTC
403,7,1,1,1209,TGC
404,7,1,1,1212,AAA
405,8,1,0,1215,CAC
406,9,0,0,1218,TCC
407,9,0,0,1221,ATG
408,6,3,0,1224,GTG
409,8,1,0,1227,GAC
410,6,2,1,1230,AGA
411,5,3,1,1233,GGA
412,7,0,2,1236,TGG
413,5,3,1,1239,GGA
414,8,1,0,1242,AAT
415,5,3,1,1245,GGA
416,7,1,1,1248,TGT
417,5,3,1,1251,GGA
418,5,2,2,1254,TTA
419,8,1,0,1257,TTT
420,5,3,1,1260,GGA
421,7,1,1,1263,AAA
422,5,3,1,1266,GGA
423,6,3,0,1269,GGC
424,7,2,0,1272,ATT
425,6,3,0,1275,GTG
426,6,3,0,1278,ACC
427,7,1,1,1281,TGT
428,6,3,0,1284,GCT
429,9,0,0,1287,ATG
430,8,1,0,1290,TTC
431,6,3,0,1293,ACA
432,7,1,1,1296,TGC
433,7,1,1,1299,AAA
434,7,1,1,1302,AAG
435,8,1,0,1305,AAC
436,9,0,0,1308,ATG
437,7,1,1,1311,AAA
438,5,3,1,1314,GGA
439,7,1,1,1317,AAA
440,6,3,0,1320,GTC
441,6,3,0,1323,GTG
442,7,1,1,1326,CAA
443,6,3,0,1329,CCA
444,7,1,1,1332,GAA
445,8,1,0,1335,AAC
446,6,2,1,1338,TTG
447,7,1,1,1341,GAA
448,6,1,2,1344,TAC
449,6,3,0,1347,ACC
450,7,2,0,1350,ATT
451,6,3,0,1353,GTG
452,7,2,0,1356,ATA
453,6,3,0,1359,ACA
454,6,3,0,1362,CCT
455,8,1,0,1365,CAC
456,5,2,2,1368,TCA
457,6,3,0,1371,GGG
458,7,1,1,1374,GAA
459,7,1,1,1377,GAG
460,8,1,0,1380,CAT
461,6,3,0,1383,GCA
462,6,3,0,1386,GTC
463,5,3,1,1389,GGA
464,8,1,0,1392,AAT
465,8,1,0,1395,GAC
466,6,3,0,1398,ACA
467,5,3,1,1401,GGA
468,7,1,1,1404,AAA
469,8,1,0,1407,CAT
470,6,3,0,1410,GGC
471,7,1,1,1413,AAG
472,7,1,1,1416,GAA
473,7,2,0,1419,ATC
474,7,1,1,1422,AAA
475,7,2,0,1425,ATA
476,6,3,0,1428,ACA
477,6,3,0,1431,CCA
478,7,1,1,1434,CAG
479,8,1,0,1437,AGT
480,9,0,0,1440,TCC
481,7,2,0,1443,ATC
482,6,3,0,1446,ACA
483,7,1,1,1449,GAA
484,6,3,0,1452,GCA
485,7,1,1,1455,GAG
486,6,2,1,1458,TTG
487,6,3,0,1461,ACA
488,6,3,0,1464,GGC
489,6,1,2,1467,TAT
490,6,3,0,1470,GGC
491,6,3,0,1473,ACT
492,6,3,0,1476,GTC
493,6,3,0,1479,ACG
494,9,0,0,1482,ATG
495,7,1,1,1485,GAG
496,7,1,1,1488,TGC
497,7,2,0,1491,TCT
498,6,3,0,1494,CCG
499,6,2,1,1497,AGA
500,6,3,0,1500,ACG
501,6,3,0,1503,GGC
502,6,3,0,1506,CTC
503,8,1,0,1509,GAC
504,8,1,0,1512,TTC
505,8,1,0,1515,AAT
506,7,1,1,1518,GAG
507,9,0,0,1521,ATG
508,6,3,0,1524,GTG
509,6,2,1,1527,TTG
510,5,4,0,1530,CTG
511,7,1,1,1533,CAA
512,9,0,0,1536,ATG
513,7,1,1,1539,GAA
514,8,1,0,1542,AAT
515,7,1,1,1545,AAA
516,6,3,0,1548,GCT
517,7,0,2,1551,TGG
518,5,4,0,1554,CTG
519,6,3,0,1557,GTG
520,8,1,0,1560,CAC
521,7,2,0,1563,AGG
522,7,1,1,1566,CAA
523,7,0,2,1569,TGG
524,8,1,0,1572,TTC
525,5,4,0,1575,CTA
526,8,1,0,1578,GAC
527,5,4,0,1581,CTG
528,6,3,0,1584,CCG
529,6,2,1,1587,TTG
530,6,3,0,1590,CCA
531,7,0,2,1593,TGG
532,5,4,0,1596,CTG
533,6,3,0,1599,CCC
534,5,3,1,1602,GGA
535,6,3,0,1605,GCG
536,8,1,0,1608,GAC
537,6,3,0,1611,ACA
538,7,1,1,1614,CAA
539,5,3,1,1617,GGA
540,5,2,2,1620,TCA
541,8,1,0,1623,AAT
542,7,0,2,1626,TGG
543,7,2,0,1629,ATA
544,7,1,1,1632,CAG
545,7,1,1,1635,AAA
546,7,1,1,1638,GAG
547,6,3,0,1641,ACA
548,6,2,1,1644,TTG
549,6,3,0,1647,GTC
550,6,3,0,1650,ACT
551,8,1,0,1653,TTC
552,7,1,1,1656,AAA
553,8,1,0,1659,AAT
554,6,3,0,1662,CCC
555,8,1,0,1665,CAT
556,6,3,0,1668,GCG
557,7,1,1,1671,AAG
558,7,1,1,1674,AAA
559,7,1,1,1677,CAG
560,8,1,0,1680,GAT
561,6,3,0,1683,GTT
562,6,3,0,1686,GTT
563,6,3,0,1689,GTT
564,6,2,1,1692,TTG
565,5,3,1,1695,GGA
566,9,0,0,1698,TCC
567,7,1,1,1701,CAA
568,7,1,1,1704,GAA
569,6,3,0,1707,GGG
570,6,3,0,1710,GCC
571,9,0,0,1713,ATG
572,8,1,0,1716,CAC
573,6,3,0,1719,ACA
574,6,3,0,1722,GCA
575,6,3,0,1725,CTC
576,6,3,0,1728,ACA
577,6,3,0,1731,GGG
578,6,3,0,1734,GCC
579,6,3,0,1737,ACA
580,7,1,1,1740,GAA
581,7,2,0,1743,ATC
582,7,1,1,1746,CAG
583,9,0,0,1749,ATG
584,5,2,2,1752,TCA
585,5,2,2,1755,TCA
586,5,3,1,1758,GGA
587,8,1,0,1761,AAC
588,5,2,2,1764,TTA
589,5,4,0,1767,CTG
590,8,1,0,1770,TTC
591,6,3,0,1773,ACA
592,5,3,1,1776,GGA
593,8,1,0,1779,CAT
594,6,3,0,1782,CTC
595,7,1,1,1785,AAG
596,7,1,1,1788,TGC
597,7,2,0,1791,AGG
598,5,4,0,1794,CTG
599,7,2,0,1797,AGG
600,9,0,0,1800,ATG
601,8,1,0,1803,GAC
602,7,1,1,1806,AAA
603,5,4,0,1809,CTA
604,7,1,1,1812,CAG
605,6,3,0,1815,CTC
606,7,1,1,1818,AAA
607,5,3,1,1821,GGA
608,9,0,0,1824,ATG
609,5,2,2,1827,TCA
610,6,1,2,1830,TAC
611,7,2,0,1833,TCT
612,9,0,0,1836,ATG
613,7,1,1,1839,TGC
614,6,3,0,1842,ACA
615,5,3,1,1845,GGA
616,7,1,1,1848,AAG
617,8,1,0,1851,TTT
618,7,1,1,1854,AAA
619,6,3,0,1857,GTT
620,6,3,0,1860,GTG
621,7,1,1,1863,AAG
622,7,1,1,1866,GAA
623,7,2,0,1869,ATA
624,6,3,0,1872,GCA
625,7,1,1,1875,GAA
626,6,3,0,1878,ACA
627,7,1,1,1881,CAA
628,8,1,0,1884,CAT
629,5,3,1,1887,GGA
630,6,3,0,1890,ACA
631,7,2,0,1893,ATA
632,6,3,0,1896,GTT
633,7,2,0,1899,ATC
634,6,2,1,1902,AGA
635,6,3,0,1905,GTA
636,7,1,1,1908,CAA
637,6,1,2,1911,TAT
638,7,1,1,1914,GAA
639,6,3,0,1917,GGG
640,8,1,0,1920,GAC
641,6,3,0,1923,GGT
642,7,2,0,1926,TCT
643,6,3,0,1929,CCA
644,7,1,1,1932,TGT
645,7,1,1,1935,AAG
646,7,2,0,1938,ATC
647,6,3,0,1941,CCT
648,8,1,0,1944,TTT
649,7,1,1,1947,GAG
650,7,2,0,1950,ATA
651,9,0,0,1953,ATG
652,8,1,0,1956,GAT
653,6,2,1,1959,TTG
654,7,1,1,1962,GAA
655,7,1,1,1965,AAA
656,6,2,1,1968,AGA
657,8,1,0,1971,CAT
658,6,3,0,1974,GTT
659,5,2,2,1977,TTA
660,6,3,0,1980,GGT
661,6,3,0,1983,CGC
662,5,4,0,1986,CTG
663,7,2,0,1989,ATT
664,6,3,0,1992,ACA
665,6,3,0,1995,GTC
666,8,1,0,1998,AAC
667,6,3,0,2001,CCA
668,7,2,0,2004,ATC
669,6,3,0,2007,GTA
670,6,3,0,2010,ACA
671,7,1,1,2013,GAA
672,7,1,1,2016,AAA
673,8,1,0,2019,GAT
674,8,1,0,2022,AGC
675,6,3,0,2025,CCA
676,6,3,0,2028,GTC
677,8,1,0,2031,AAC
678,7,2,0,2034,ATA
679,7,1,1,2037,GAA
680,6,3,0,2040,GCA
681,7,1,1,2043,GAA
682,6,3,0,2046,CCT
683,6,3,0,2049,CCA
684,8,1,0,2052,TTC
685,5,3,1,2055,GGA
686,8,1,0,2058,GAC
687,8,1,0,2061,AGC
688,6,1,2,2064,TAC
689,7,2,0,2067,ATC
690,7,2,0,2070,ATC
691,7,2,0,2073,ATA
692,5,3,1,2076,GGA
693,6,3,0,2079,GTA
694,7,1,1,2082,GAG
695,6,3,0,2085,CCG
696,5,3,1,2088,GGA
697,7,1,1,2091,CAA
698,6,2,1,2094,TTG
699,7,1,1,2097,AAG
700,6,3,0,2100,CTC
701,8,1,0,2103,AAC
702,7,0,2,2106,TGG
703,8,1,0,2109,TTT
704,7,1,1,2112,AAG
705,7,1,1,2115,AAA
706,5,3,1,2118,GGA
707,8,1,0,2121,AGT
708,7,2,0,2124,TCT
709,7,2,0,2127,ATC
710,6,3,0,2130,GGC
711,7,1,1,2133,CAA
712,9,0,0,2136,ATG
713,7,2,0,2139,ATT
714,7,1,1,2142,GAG
715,6,3,0,2145,ACA
716,6,3,0,2148,ACA
717,9,0,0,2151,ATG
718,7,2,0,2154,AGG
719,5,3,1,2157,GGA
720,6,3,0,2160,GCG
721,7,1,1,2163,AAG
722,6,2,1,2166,AGA
723,9,0,0,2169,ATG
724,6,3,0,2172,GCC
725,7,2,0,2175,ATT
726,5,2,2,2178,TTA
727,6,3,0,2181,GGT
728,8,1,0,2184,GAC
729,6,3,0,2187,ACA
730,6,3,0,2190,GCT
731,7,0,2,2193,TGG
732,8,1,0,2196,GAT
733,8,1,0,2199,TTT
734,5,3,1,2202,GGA
735,9,0,0,2205,TCC
736,5,4,0,2208,CTG
737,5,3,1,2211,GGA
738,5,3,1,2214,GGA
739,6,3,0,2217,GTG
740,8,1,0,2220,TTT
741,6,3,0,2223,ACA
742,7,2,0,2226,TCT
743,7,2,0,2229,ATA
744,5,3,1,2232,GGA
745,7,1,1,2235,AAG
746,6,3,0,2238,GCT
747,6,3,0,2241,CTC
748,8,1,0,2244,CAC
749,7,1,1,2247,CAA
750,6,3,0,2250,GTT
751,8,1,0,2253,TTC
752,5,3,1,2256,GGA
753,6,3,0,2259,GCA
754,7,2,0,2262,ATC
755,6,1,2,2265,TAT
756,6,3,0,2268,GGG
757,6,3,0,2271,GCT
758,6,3,0,2274,GCC
759,8,1,0,2277,TTC
760,8,1,0,2280,AGT
761,6,3,0,2283,GGG
762,6,3,0,2286,GTC
763,5,2,2,2289,TCA
764,7,0,2,2292,TGG
765,6,3,0,2295,ACT
766,9,0,0,2298,ATG
767,7,1,1,2301,AAA
768,7,2,0,2304,ATA
769,6,3,0,2307,CTC
770,7,2,0,2310,ATA
771,5,3,1,2313,GGA
772,6,3,0,2316,GTC
773,7,2,0,2319,ATT
774,7,2,0,2322,ATC
775,6,3,0,2325,ACA
776,7,0,2,2328,TGG
777,7,2,0,2331,ATA
778,5,3,1,2334,GGA
779,9,0,0,2337,ATG
780,8,1,0,2340,AAT
781,5,2,2,2343,TCA
782,6,3,0,2346,CGC
783,8,1,0,2349,AGC
784,6,3,0,2352,ACC
785,5,2,2,2355,TCA
786,5,4,0,2358,CTG
787,7,2,0,2361,TCT
788,6,3,0,2364,GTG
789,5,2,2,2367,TCA
790,5,4,0,2370,CTA
791,6,3,0,2373,GTA
792,6,2,1,2376,TTG
793,6,3,0,2379,GTG
794,5,3,1,2382,GGA
795,6,3,0,2385,GTC
796,6,3,0,2388,GTG
797,6,3,0,2391,ACG
798,5,4,0,2394,CTG
799,6,1,2,2397,TAT
800,6,2,1,2400,TTG
801,5,3,1,2403,GGA
802,6,3,0,2406,GTT
803,9,0,0,2409,ATG
804,6,3,0,2412,GTG
805,7,1,1,2415,CAG
806,6,3,0,2418,GCC
807,8,1,0,2421,GAT
808,8,1,0,2424,AGT
809,6,3,0,2427,GGT
810,7,1,1,2430,TGC
811,6,3,0,2433,GTT
812,6,3,0,2436,GTG
813,8,1,0,2439,AGC
814,7,0,2,2442,TGG
815,7,1,1,2445,AAA
816,8,1,0,2448,AAC
817,7,1,1,2451,AAA
818,7,1,1,2454,GAA
819,5,4,0,2457,CTG
820,7,1,1,2460,AAG
821,7,1,1,2463,TGT
822,6,3,0,2466,GGC
823,8,1,0,2469,AGT
824,6,3,0,2472,GGG
825,7,2,0,2475,ATT
826,8,1,0,2478,TTC
827,7,2,0,2481,ATC
828,6,3,0,2484,ACA
829,8,1,0,2487,GAC
830,8,1,0,2490,AAC
831,6,3,0,2493,GTG
832,8,1,0,2496,CAC
833,6,3,0,2499,ACA
834,7,0,2,2502,TGG
835,6,3,0,2505,ACA
836,7,1,1,2508,GAA
837,7,1,1,2511,CAA
838,6,1,2,2514,TAC
839,7,1,1,2517,AAG
840,8,1,0,2520,TTC
841,7,1,1,2523,CAA
842,6,3,0,2526,CCA
843,7,1,1,2529,GAA
844,9,0,0,2532,TCC
845,6,3,0,2535,CCT
846,5,2,2,2538,TCA
847,7,1,1,2541,AAG
848,5,4,0,2544,CTA
849,6,3,0,2547,GCT
850,5,2,2,2550,TCA
851,6,3,0,2553,GCT
852,7,2,0,2556,ATC
853,7,1,1,2559,CAG
854,7,1,1,2562,AAA
855,6,3,0,2565,GCT
856,8,1,0,2568,CAT
857,7,1,1,2571,GAA
858,7,1,1,2574,GAG
859,6,3,0,2577,GGC
860,7,2,0,2580,ATT
861,7,1,1,2583,TGT
862,5,3,1,2586,GGA
863,7,2,0,2589,ATC
864,6,3,0,2592,CGC
865,5,2,2,2595,TCA
866,6,3,0,2598,GTA
867,6,3,0,2601,ACA
868,6,2,1,2604,AGA
869,5,4,0,2607,CTG
870,7,1,1,2610,GAA
871,8,1,0,2613,AAT
872,5,4,0,2616,CTG
873,9,0,0,2619,ATG
874,7,0,2,2622,TGG
875,7,1,1,2625,AAA
876,7,1,1,2628,CAA
877,7,2,0,2631,ATA
878,6,3,0,2634,ACA
879,6,3,0,2637,CCA
880,7,1,1,2640,GAA
881,6,2,1,2643,TTG
882,8,1,0,2646,AAT
883,8,1,0,2649,CAC
884,7,2,0,2652,ATT
885,5,4,0,2655,CTA
886,5,2,2,2658,TCA
887,7,1,1,2661,GAA
888,8,1,0,2664,AAT
889,7,1,1,2667,GAG
890,6,3,0,2670,GTG
891,7,1,1,2673,AAG
892,6,2,1,2676,TTG
893,6,3,0,2679,ACT
894,7,2,0,2682,ATT
895,9,0,0,2685,ATG
896,6,3,0,2688,ACA
897,5,3,1,2691,GGA
898,8,1,0,2694,GAC
899,7,2,0,2697,ATC
900,7,1,1,2700,AAA
901,5,3,1,2703,GGA
902,7,2,0,2706,ATC
903,9,0,0,2709,ATG
904,7,1,1,2712,CAG
905,6,3,0,2715,GCA
906,5,3,1,2718,GGA
907,7,1,1,2721,AAA
908,4,4,1,2724,CGA
909,7,2,0,2727,TCT
910,5,4,0,2730,CTG
911,7,1,1,2733,CAG
912,6,3,0,2736,CCC
913,7,1,1,2739,CAG
914,6,3,0,2742,CCC
915,6,3,0,2745,ACT
916,7,1,1,2748,GAG
917,5,4,0,2751,CTG
918,7,1,1,2754,AAG
919,6,1,2,2757,TAT
920,5,2,2,2760,TCA
921,7,0,2,2763,TGG
922,7,1,1,2766,AAA
923,6,3,0,2769,ACA
924,7,0,2,2772,TGG
925,6,3,0,2775,GGC
926,7,1,1,2778,AAA
927,6,3,0,2781,GCG
928,7,1,1,2784,AAA
929,9,0,0,2787,ATG
930,6,3,0,2790,CTC
931,7,2,0,2793,TCT
932,6,3,0,2796,ACA
933,7,1,1,2799,GAG
934,7,2,0,2802,TCT
935,8,1,0,2805,CAT
936,8,1,0,2808,AAC
937,7,1,1,2811,CAG
938,6,3,0,2814,ACC
939,8,1,0,2817,TTT
940,6,3,0,2820,CTC
941,7,2,0,2823,ATT
942,8,1,0,2826,GAT
943,6,3,0,2829,GGC
944,6,3,0,2832,CCC
945,7,1,1,2835,GAA
946,6,3,0,2838,ACA
947,6,3,0,2841,GCA
948,7,1,1,2844,GAA
949,7,1,1,2847,TGC
950,6,3,0,2850,CCC
951,8,1,0,2853,AAC
952,6,3,0,2856,ACA
953,8,1,0,2859,AAC
954,6,2,1,2862,AGA
955,6,3,0,2865,GCT
956,7,0,2,2868,TGG
957,8,1,0,2871,AAT
958,6,2,1,2874,TCG
959,5,4,0,2877,CTG
960,7,1,1,2880,GAA
961,6,3,0,2883,GTT
962,7,1,1,2886,GAA
963,8,1,0,2889,GAC
964,6,1,2,2892,TAT
965,6,3,0,2895,GGC
966,8,1,0,2898,TTT
967,5,3,1,2901,GGA
968,6,3,0,2904,GTA
969,8,1,0,2907,TTC
970,6,3,0,2910,ACC
971,6,3,0,2913,ACC
972,8,1,0,2916,AAT
973,7,2,0,2919,ATA
974,7,0,2,2922,TGG
975,5,4,0,2925,CTA
976,7,1,1,2928,AAG
977,6,2,1,2931,TTG
978,6,2,1,2934,AGA
979,7,1,1,2937,GAA
980,7,1,1,2940,AAG
981,7,1,1,2943,CAG
982,8,1,0,2946,GAT
983,6,3,0,2949,GTA
984,8,1,0,2952,TTC
985,7,1,1,2955,TGC
986,8,1,0,2958,GAC
987,5,2,2,2961,TCA
988,7,1,1,2964,AAA
989,6,3,0,2967,CTC
990,9,0,0,2970,ATG
991,5,2,2,2973,TCA
992,6,3,0,2976,GCG
993,6,3,0,2979,GCC
994,7,2,0,2982,ATA
995,7,1,1,2985,AAA
996,8,1,0,2988,GAC
997,8,1,0,2991,AAC
998,6,2,1,2994,AGA
999,6,3,0,2997,GCC
1000,6,3,0,3000,GTC
1001,8,1,0,3003,CAT
1002,6,3,0,3006,GCC
1003,8,1,0,3009,GAT
1004,9,0,0,3012,ATG
1005,6,3,0,3015,GGT
1006,6,1,2,3018,TAT
1007,7,0,2,3021,TGG
1008,7,2,0,3024,ATA
1009,7,1,1,3027,GAA
1010,8,1,0,3030,AGT
1011,6,3,0,3033,GCA
1012,6,3,0,3036,CTC
1013,8,1,0,3039,AAT
1014,8,1,0,3042,GAC
1015,6,3,0,3045,ACA
1016,7,0,2,3048,TGG
1017,7,1,1,3051,AAG
1018,7,2,0,3054,ATA
1019,7,1,1,3057,GAG
1020,7,1,1,3060,AAA
1021,6,3,0,3063,GCC
1022,7,2,0,3066,TCT
1023,8,1,0,3069,TTC
1024,7,2,0,3072,ATC
1025,7,1,1,3075,GAA
1026,6,3,0,3078,GTT
1027,7,1,1,3081,AAA
1028,8,1,0,3084,AGC
1029,7,1,1,3087,TGC
1030,8,1,0,3090,CAC
1031,7,0,2,3093,TGG
1032,6,3,0,3096,CCA
1033,7,1,1,3099,AAG
1034,5,2,2,3102,TCA
1035,8,1,0,3105,CAC
1036,6,3,0,3108,ACC
1037,6,3,0,3111,CTC
1038,7,0,2,3114,TGG
1039,8,1,0,3117,AGT
1040,8,1,0,3120,AAT
1041,5,3,1,3123,GGA
1042,6,3,0,3126,GTG
1043,5,2,2,3129,TTA
1044,7,1,1,3132,GAA
1045,8,1,0,3135,AGT
1046,7,1,1,3138,GAG
1047,9,0,0,3141,ATG
1048,7,2,0,3144,ATA
1049,7,2,0,3147,ATT
1050,6,3,0,3150,CCA
1051,7,1,1,3153,AAG
1052,8,1,0,3156,AAT
1053,8,1,0,3159,TTC
1054,6,3,0,3162,GCT
1055,5,3,1,3165,GGA
1056,6,3,0,3168,CCA
1057,6,3,0,3171,GTG
1058,5,2,2,3174,TCA
1059,7,1,1,3177,CAA
1060,8,1,0,3180,CAC
1061,8,1,0,3183,AAC
1062,6,1,2,3186,TAC
1063,6,2,1,3189,AGA
1064,6,3,0,3192,CCA
1065,6,3,0,3195,GGC
1066,6,1,2,3198,TAC
1067,8,1,0,3201,CAT
1068,6,3,0,3204,ACA
1069,7,1,1,3207,CAA
1070,6,3,0,3210,ACA
1071,6,3,0,3213,GCA
1072,5,3,1,3216,GGA
1073,6,3,0,3219,CCA
1074,7,0,2,3222,TGG
1075,8,1,0,3225,CAT
1076,5,4,0,3228,CTA
1077,6,3,0,3231,GGT
1078,7,1,1,3234,AAG
1079,6,3,0,3237,CTT
1080,7,1,1,3240,GAG
1081,9,0,0,3243,ATG
1082,8,1,0,3246,GAC
1083,8,1,0,3249,TTT
1084,8,1,0,3252,GAT
1085,8,1,0,3255,TTC
1086,7,1,1,3258,TGC
1087,7,1,1,3261,GAA
1088,5,3,1,3264,GGA
1089,6,3,0,3267,ACC
1090,6,3,0,3270,ACA
1091,6,3,0,3273,GTG
1092,6,3,0,3276,GTG
1093,6,3,0,3279,GTG
1094,6,3,0,3282,ACT
1095,7,1,1,3285,GAG
1096,8,1,0,3288,GAC
1097,7,1,1,3291,TGT
1098,5,3,1,3294,GGA
1099,8,1,0,3297,AAT
1100,6,2,1,3300,AGA
1101,5,3,1,3303,GGA
1102,6,3,0,3306,CCC
1103,7,2,0,3309,TCT
1104,5,2,2,3312,TTA
1105,6,2,1,3315,AGA
1106,6,3,0,3318,ACA
1107,6,3,0,3321,ACT
1108,6,3,0,3324,ACT
1109,6,3,0,3327,GCC
1110,7,2,0,3330,TCT
1111,5,3,1,3333,GGA
1112,7,1,1,3336,AAA
1113,6,3,0,3339,CTC
1114,7,2,0,3342,ATA
1115,6,3,0,3345,ACA
1116,7,1,1,3348,GAA
1117,7,0,2,3351,TGG
1118,7,1,1,3354,TGC
1119,7,1,1,3357,TGC
1120,4,4,1,3360,CGA
1121,7,2,0,3363,TCT
1122,7,1,1,3366,TGC
1123,6,3,0,3369,ACA
1124,5,2,2,3372,TTA
1125,6,3,0,3375,CCA
1126,6,3,0,3378,CCG
1127,5,4,0,3381,CTA
1128,6,2,1,3384,AGA
1129,6,1,2,3387,TAC
1130,6,2,1,3390,AGA
1131,6,3,0,3393,GGT
1132,7,1,1,3396,GAG
1133,8,1,0,3399,GAC
1134,5,3,1,3402,GGA
1135,7,1,1,3405,TGC
1136,7,0,2,3408,TGG
1137,6,1,2,3411,TAC
1138,6,3,0,3414,GGG
1139,9,0,0,3417,ATG
1140,7,1,1,3420,GAA
1141,7,2,0,3423,ATC
1142,6,2,1,3426,AGA
1143,6,3,0,3429,CCA
1144,6,2,1,3432,TTG
1145,7,1,1,3435,AAA
1146,7,1,1,3438,GAG
1147,7,1,1,3441,AAA
1148,7,1,1,3444,GAA
1149,7,1,1,3447,GAG
1150,8,1,0,3450,AAT
1151,6,2,1,3453,TTG
1152,6,3,0,3456,GTC
1153,8,1,0,3459,AAC
1154,9,0,0,3462,TCC
1155,6,2,1,3465,TTG
1156,6,3,0,3468,GTC
1157,6,3,0,3471,ACA
1158,6,3,0,3474,GCC
1159,5,3,1,3477,GGA
1160,8,1,0,3480,CAT
1161,6,3,0,3483,GGG
1162,7,1,1,3486,CAG
1163,7,2,0,3489,ATT
1164,8,1,0,3492,GAC
1165,8,1,0,3495,AAC
1166,8,1,0,3498,TTT
1167,5,2,2,3501,TCA
1168,5,4,0,3504,CTA
1169,5,3,1,3507,GGA
1170,6,3,0,3510,GTC
1171,6,2,1,3513,TTG
1172,5,3,1,3516,GGA
1173,9,0,0,3519,ATG
1174,6,3,0,3522,GCA
1175,6,2,1,3525,TTG
1176,8,1,0,3528,TTC
1177,5,4,0,3531,CTG
1178,7,1,1,3534,GAA
1179,7,1,1,3537,GAA
1180,9,0,0,3540,ATG
1181,6,3,0,3543,CTC
1182,7,2,0,3546,AGG
1183,6,3,0,3549,ACC
1184,4,4,1,3552,CGA
1185,6,3,0,3555,GTA
1186,5,3,1,3558,GGA
1187,6,3,0,3561,ACG
1188,7,1,1,3564,AAA
1189,8,1,0,3567,CAT
1190,6,3,0,3570,GCA
1191,7,2,0,3573,ATA
1192,5,4,0,3576,CTA
1193,5,4,0,3579,CTA
1194,6,3,0,3582,GTT
1195,6,3,0,3585,GCA
1196,6,3,0,3588,GTT
1197,7,2,0,3591,TCT
1198,8,1,0,3594,TTT
1199,6,3,0,3597,GTG
1200,6,3,0,3600,ACA
1201,6,2,1,3603,TTG
1202,7,2,0,3606,ATC
1203,6,3,0,3609,ACA
1204,6,3,0,3612,GGG
1205,8,1,0,3615,AAC
1206,9,0,0,3618,ATG
1207,9,0,0,3621,TCC
1208,8,1,0,3624,TTT
1209,6,2,1,3627,AGA
1210,8,1,0,3630,GAC
1211,5,4,0,3633,CTG
1212,5,3,1,3636,GGA
1213,6,2,1,3639,AGA
1214,6,3,0,3642,GTG
1215,9,0,0,3645,ATG
1216,6,3,0,3648,GTT
1217,9,0,0,3651,ATG
1218,6,3,0,3654,GTG
1219,6,3,0,3657,GGC
1220,6,3,0,3660,GCT
1221,6,3,0,3663,ACT
1222,9,0,0,3666,ATG
1223,6,3,0,3669,ACG
1224,8,1,0,3672,GAT
1225,8,1,0,3675,GAC
1226,7,2,0,3678,ATA
1227,6,3,0,3681,GGT
1228,9,0,0,3684,ATG
1229,6,3,0,3687,GGC
1230,6,3,0,3690,GTG
1231,6,3,0,3693,ACT
1232,6,1,2,3696,TAT
1233,6,3,0,3699,CTT
1234,6,3,0,3702,GCC
1235,5,4,0,3705,CTA
1236,5,4,0,3708,CTA
1237,6,3,0,3711,GCA
1238,6,3,0,3714,GCC
1239,8,1,0,3717,TTC
1240,7,1,1,3720,AAA
1241,6,3,0,3723,GTC
1242,6,2,1,3726,AGA
1243,6,3,0,3729,CCA
1244,6,3,0,3732,ACT
1245,8,1,0,3735,TTT
1246,6,3,0,3738,GCA
1247,6,3,0,3741,GCT
1248,5,3,1,3744,GGA
1249,5,4,0,3747,CTA
1250,6,3,0,3750,CTC
1251,6,2,1,3753,TTG
1252,6,2,1,3756,AGA
1253,7,1,1,3759,AAG
1254,6,2,1,3762,TTG
1255,6,3,0,3765,ACC
1256,9,0,0,3768,TCC
1257,7,1,1,3771,AAG
1258,7,1,1,3774,GAA
1259,6,2,1,3777,TTG
1260,9,0,0,3780,ATG
1261,9,0,0,3783,ATG
1262,6,3,0,3786,ACT
1263,6,3,0,3789,ACC
1264,7,2,0,3792,ATA
1265,5,3,1,3795,GGA
1266,7,2,0,3798,ATC
1267,6,3,0,3801,GTA
1268,6,3,0,3804,CTC
1269,6,3,0,3807,CTC
1270,9,0,0,3810,TCC
1271,7,1,1,3813,CAG
1272,8,1,0,3816,AGC
1273,6,3,0,3819,ACC
1274,7,2,0,3822,ATA
1275,6,3,0,3825,CCA
1276,7,1,1,3828,GAG
1277,6,3,0,3831,ACC
1278,7,2,0,3834,ATT
1279,6,3,0,3837,CTT
1280,7,1,1,3840,GAA
1281,5,4,0,3843,CTG
1282,6,3,0,3846,ACT
1283,8,1,0,3849,GAT
1284,6,3,0,3852,GCG
1285,5,2,2,3855,TTA
1286,6,3,0,3858,GCC
1287,6,2,1,3861,TTG
1288,6,3,0,3864,GGC
1289,9,0,0,3867,ATG
1290,9,0,0,3870,ATG
1291,6,3,0,3873,GTC
1292,6,3,0,3876,CTT
1293,7,1,1,3879,AAA
1294,9,0,0,3882,ATG
1295,6,3,0,3885,GTG
1296,6,2,1,3888,AGA
1297,7,1,1,3891,AAA
1298,9,0,0,3894,ATG
1299,7,1,1,3897,GAA
1300,7,1,1,3900,AAG
1301,6,1,2,3903,TAT
1302,7,1,1,3906,CAA
1303,6,2,1,3909,TTG
1304,6,3,0,3912,GCA
1305,6,3,0,3915,GTG
1306,6,3,0,3918,ACT
1307,7,2,0,3921,ATC
1308,9,0,0,3924,ATG
1309,6,3,0,3927,GCT
1310,7,2,0,3930,ATC
1311,6,2,1,3933,TTG
1312,7,1,1,3936,TGC
1313,6,3,0,3939,GTC
1314,6,3,0,3942,CCA
1315,8,1,0,3945,AAT
1316,6,3,0,3948,GCA
1317,6,3,0,3951,GTG
1318,7,2,0,3954,ATA
1319,5,2,2,3957,TTA
1320,7,1,1,3960,CAA
1321,8,1,0,3963,AAC
1322,6,3,0,3966,GCA
1323,7,0,2,3969,TGG
1324,7,1,1,3972,AAA
1325,6,3,0,3975,GTG
1326,8,1,0,3978,AGT
1327,7,1,1,3981,TGC
1328,6,3,0,3984,ACA
1329,7,2,0,3987,ATA
1330,6,2,1,3990,TTG
1331,6,3,0,3993,GCA
1332,6,3,0,3996,GTG
1333,6,3,0,3999,GTG
1334,9,0,0,4002,TCC
1335,6,3,0,4005,GTT
1336,9,0,0,4008,TCC
1337,6,3,0,4011,CCA
1338,5,4,0,4014,CTG
1339,8,1,0,4017,TTC
1340,5,2,2,4020,TTA
1341,6,3,0,4023,ACA
1342,9,0,0,4026,TCC
1343,5,2,2,4029,TCA
1344,7,1,1,4032,CAG
1345,7,1,1,4035,CAG
1346,7,1,1,4038,AAA
1347,6,3,0,4041,GCG
1348,8,1,0,4044,GAT
1349,7,0,2,4047,TGG
1350,7,2,0,4050,ATA
1351,6,3,0,4053,CCA
1352,5,2,2,4056,TTA
1353,6,3,0,4059,GCA
1354,6,2,1,4062,TTG
1355,6,3,0,4065,ACG
1356,7,2,0,4068,ATC
1357,7,1,1,4071,AAG
1358,6,3,0,4074,GGT
1359,6,3,0,4077,CTC
1360,8,1,0,4080,AAT
1361,6,3,0,4083,CCA
1362,6,3,0,4086,ACA
1363,6,3,0,4089,GCT
1364,7,2,0,4092,ATT
1365,8,1,0,4095,TTT
1366,5,4,0,4098,CTA
1367,6,3,0,4101,ACA
1368,6,3,0,4104,ACC
1369,6,3,0,4107,CTT
1370,5,2,2,4110,TCA
1371,6,2,1,4113,AGA
1372,6,3,0,4116,ACC
1373,8,1,0,4119,AAC
1374,7,1,1,4122,AAG
1375,7,1,1,4125,AAA
1376,7,2,0,4128,AGG
1377,8,1,0,4131,AGC
1378,7,0,2,4134,TGG
1379,6,3,0,4137,CCA
1380,5,4,0,4140,CTA
1381,8,1,0,4143,AAT
1382,7,1,1,4146,GAG
1383,6,3,0,4149,GCT
1384,7,2,0,4152,ATC
1385,9,0,0,4155,ATG
1386,6,3,0,4158,GCA
1387,6,3,0,4161,GTC
1388,6,3,0,4164,GGG
1389,9,0,0,4167,ATG
1390,6,3,0,4170,GTG
1391,8,1,0,4173,AGC
1392,7,2,0,4176,ATT
1393,6,2,1,4179,TTG
1394,6,3,0,4182,GCC
1395,8,1,0,4185,AGT
1396,5,2,2,4188,TCA
1397,6,3,0,4191,CTC
1398,5,4,0,4194,CTA
1399,7,1,1,4197,AAG
1400,8,1,0,4200,AAT
1401,8,1,0,4203,GAC
1402,7,2,0,4206,ATT
1403,6,3,0,4209,CCC
1404,9,0,0,4212,ATG
1405,6,3,0,4215,ACA
1406,5,3,1,4218,GGA
1407,6,3,0,4221,CCA
1408,5,2,2,4224,TTA
1409,6,3,0,4227,GTG
1410,6,3,0,4230,GCT
1411,5,3,1,4233,GGA
1412,6,3,0,4236,GGG
1413,6,3,0,4239,CTC
1414,6,3,0,4242,CTC
1415,6,3,0,4245,ACT
1416,6,3,0,4248,GTG
1417,7,1,1,4251,TGC
1418,6,1,2,4254,TAC
1419,6,3,0,4257,GTG
1420,6,3,0,4260,CTC
1421,6,3,0,4263,ACT
1422,5,3,1,4266,GGA
1423,4,4,1,4269,CGA
1424,6,2,1,4272,TCG
1425,6,3,0,4275,GCC
1426,8,1,0,4278,GAT
1427,6,2,1,4281,TTG
1428,7,1,1,4284,GAA
1429,5,4,0,4287,CTG
1430,7,1,1,4290,GAG
1431,6,2,1,4293,AGA
1432,6,3,0,4296,GCC
1433,6,3,0,4299,GCC
1434,8,1,0,4302,GAT
1435,6,3,0,4305,GTC
1436,7,1,1,4308,AAA
1437,7,0,2,4311,TGG
1438,7,1,1,4314,GAA
1439,8,1,0,4317,GAT
1440,7,1,1,4320,CAG
1441,6,3,0,4323,GCA
1442,7,1,1,4326,GAG
1443,7,2,0,4329,ATA
1444,5,2,2,4332,TCA
1445,5,3,1,4335,GGA
1446,8,1,0,4338,AGC
1447,8,1,0,4341,AGT
1448,6,3,0,4344,CCA
1449,7,2,0,4347,ATC
1450,5,4,0,4350,CTG
1451,5,2,2,4353,TCA
1452,7,2,0,4356,ATA
1453,6,3,0,4359,ACA
1454,7,2,0,4362,ATA
1455,5,2,2,4365,TCA
1456,7,1,1,4368,GAA
1457,8,1,0,4371,GAT
1458,6,3,0,4374,GGT
1459,8,1,0,4377,AGC
1460,9,0,0,4380,ATG
1461,6,2,1,4383,TCG
1462,7,2,0,4386,ATA
1463,7,1,1,4389,AAA
1464,8,1,0,4392,AAC
1465,7,1,1,4395,GAA
1466,7,1,1,4398,GAG
1467,7,1,1,4401,GAA
1468,7,1,1,4404,GAA
1469,7,1,1,4407,CAA
1470,6,3,0,4410,ACA
1471,5,4,0,4413,CTG
1472,6,3,0,4416,ACC
1473,7,2,0,4419,ATA
1474,6,3,0,4422,CTC
1475,7,2,0,4425,ATT
1476,6,2,1,4428,AGA
1477,6,3,0,4431,ACA
1478,5,3,1,4434,GGA
1479,6,2,1,4437,TTG
1480,5,4,0,4440,CTG
1481,6,3,0,4443,GTG
1482,7,2,0,4446,ATC
1483,5,2,2,4449,TCA
1484,5,3,1,4452,GGA
1485,6,3,0,4455,CTT
1486,8,1,0,4458,TTT
1487,6,3,0,4461,CCT
1488,6,3,0,4464,GTA
1489,5,2,2,4467,TCA
1490,7,2,0,4470,ATA
1491,6,3,0,4473,CCA
1492,7,2,0,4476,ATC
1493,6,3,0,4479,ACG
1494,6,3,0,4482,GCA
1495,6,3,0,4485,GCA
1496,6,3,0,4488,GCA
1497,7,0,2,4491,TGG
1498,6,1,2,4494,TAC
1499,5,4,0,4497,CTG
1500,7,0,2,4500,TGG
1501,7,1,1,4503,GAA
1502,6,3,0,4506,GTG
1503,7,1,1,4509,AAG
1504,7,1,1,4512,AAA
1505,7,1,1,4515,CAA
1506,5,4,0,4518,CGG
1507,6,3,0,4521,GCT
1508,5,3,1,4524,GGA
1509,6,3,0,4527,GTA
1510,6,2,1,4530,TTG
1511,7,0,2,4533,TGG
1512,8,1,0,4536,GAT
1513,6,3,0,4539,GTC
1514,6,3,0,4542,CCT
1515,5,2,2,4545,TCA
1516,6,3,0,4548,CCC
1517,6,3,0,4551,CCA
1518,6,3,0,4554,CCC
1519,6,3,0,4557,GTG
1520,5,3,1,4560,GGA
1521,7,1,1,4563,AAG
1522,6,3,0,4566,GCT
1523,7,1,1,4569,GAA
1524,5,4,0,4572,CTG
1525,7,1,1,4575,GAA
1526,8,1,0,4578,GAT
1527,5,3,1,4581,GGA
1528,6,3,0,4584,GCC
1529,6,1,2,4587,TAT
1530,6,2,1,4590,AGA
1531,7,2,0,4593,ATC
1532,7,1,1,4596,AAG
1533,7,1,1,4599,CAA
1534,7,1,1,4602,AAA
1535,6,3,0,4605,GGG
1536,7,2,0,4608,ATT
1537,6,3,0,4611,CTT
1538,5,3,1,4614,GGA
1539,6,1,2,4617,TAT
1540,9,0,0,4620,TCC
1541,7,1,1,4623,CAG
1542,7,2,0,4626,ATC
1543,5,3,1,4629,GGA
1544,6,3,0,4632,GCC
1545,5,3,1,4635,GGA
1546,6,3,0,4638,GTT
1547,6,1,2,4641,TAC
1548,7,1,1,4644,AAA
1549,7,1,1,4647,GAA
1550,5,3,1,4650,GGA
1551,6,3,0,4653,ACA
1552,8,1,0,4656,TTC
1553,8,1,0,4659,CAT
1554,6,3,0,4662,ACA
1555,9,0,0,4665,ATG
1556,7,0,2,4668,TGG
1557,8,1,0,4671,CAT
1558,6,3,0,4674,GTC
1559,6,3,0,4677,ACA
1560,6,3,0,4680,CGC
1561,6,3,0,4683,GGC
1562,6,3,0,4686,GCT
1563,6,3,0,4689,GTT
1564,5,4,0,4692,CTA
1565,9,0,0,4695,ATG
1566,8,1,0,4698,CAT
1567,7,1,1,4701,AAA
1568,5,3,1,4704,GGA
1569,7,1,1,4707,AAG
1570,7,2,0,4710,AGG
1571,7,2,0,4713,ATT
1572,7,1,1,4716,GAA
1573,6,3,0,4719,CCA
1574,5,2,2,4722,TCA
1575,7,0,2,4725,TGG
1576,6,3,0,4728,GCG
1577,8,1,0,4731,GAC
1578,6,3,0,4734,GTT
1579,7,1,1,4737,AAG
1580,7,1,1,4740,AAA
1581,8,1,0,4743,GAC
1582,5,4,0,4746,CTA
1583,7,2,0,4749,ATA
1584,5,2,2,4752,TCA
1585,6,1,2,4755,TAT
1586,5,3,1,4758,GGA
1587,5,3,1,4761,GGA
1588,6,3,0,4764,GGC
1589,7,0,2,4767,TGG
1590,7,1,1,4770,AAG
1591,5,4,0,4773,CTA
1592,7,1,1,4776,GAA
1593,5,3,1,4779,GGA
1594,7,1,1,4782,GAA
1595,7,0,2,4785,TGG
1596,7,1,1,4788,AAG
1597,7,1,1,4791,GAA
1598,5,3,1,4794,GGA
1599,7,1,1,4797,GAA
1600,7,1,1,4800,GAA
1601,6,3,0,4803,GTC
1602,7,1,1,4806,CAG
1603,6,3,0,4809,GTC
1604,6,2,1,4812,TTG
1605,6,3,0,4815,GCA
1606,6,2,1,4818,TTG
1607,7,1,1,4821,GAG
1608,6,3,0,4824,CCT
1609,5,3,1,4827,GGA
1610,7,1,1,4830,AAA
1611,8,1,0,4833,AAT
1612,6,3,0,4836,CCA
1613,6,2,1,4839,AGA
1614,6,3,0,4842,GCC
1615,6,3,0,4845,GTC
1616,7,1,1,4848,CAA
1617,6,3,0,4851,ACA
1618,7,1,1,4854,AAA
1619,6,3,0,4857,CCT
1620,6,3,0,4860,GGT
1621,6,3,0,4863,CTT
1622,8,1,0,4866,TTC
1623,7,1,1,4869,AAA
1624,6,3,0,4872,ACC
1625,8,1,0,4875,AAC
1626,6,3,0,4878,GCC
1627,5,3,1,4881,GGA
1628,6,3,0,4884,ACC
1629,7,2,0,4887,ATA
1630,6,3,0,4890,GGT
1631,6,3,0,4893,GCC
1632,6,3,0,4896,GTA
1633,7,2,0,4899,TCT
1634,5,4,0,4902,CTG
1635,8,1,0,4905,GAC
1636,8,1,0,4908,TTT
1637,7,2,0,4911,TCT
1638,6,3,0,4914,CCT
1639,5,3,1,4917,GGA
1640,6,3,0,4920,ACC
1641,5,2,2,4923,TCA
1642,5,3,1,4926,GGA
1643,7,2,0,4929,TCT
1644,6,3,0,4932,CCA
1645,7,2,0,4935,ATC
1646,7,2,0,4938,ATC
1647,8,1,0,4941,GAC
1648,7,1,1,4944,AAA
1649,7,1,1,4947,AAA
1650,5,3,1,4950,GGA
1651,7,1,1,4953,AAA
1652,6,3,0,4956,GTT
1653,6,3,0,4959,GTG
1654,6,3,0,4962,GGT
1655,6,3,0,4965,CTT
1656,6,1,2,4968,TAT
1657,6,3,0,4971,GGT
1658,8,1,0,4974,AAT
1659,6,3,0,4977,GGT
1660,6,3,0,4980,GTT
1661,6,3,0,4983,GTT
1662,6,3,0,4986,ACA
1663,7,2,0,4989,AGG
1664,8,1,0,4992,AGT
1665,5,3,1,4995,GGA
1666,6,3,0,4998,GCA
1667,6,1,2,5001,TAT
1668,6,3,0,5004,GTG
1669,8,1,0,5007,AGT
1670,6,3,0,5010,GCT
1671,7,2,0,5013,ATA
1672,6,3,0,5016,GCC
1673,7,1,1,5019,CAG
1674,6,3,0,5022,ACT
1675,7,1,1,5025,GAA
1676,7,1,1,5028,AAA
1677,8,1,0,5031,AGT
1678,7,2,0,5034,ATT
1679,7,1,1,5037,GAA
1680,8,1,0,5040,GAC
1681,8,1,0,5043,AAT
1682,6,3,0,5046,CCA
1683,7,1,1,5049,GAG
1684,7,2,0,5052,ATC
1685,7,1,1,5055,GAA
1686,8,1,0,5058,GAT
1687,8,1,0,5061,GAT
1688,7,2,0,5064,ATT
1689,8,1,0,5067,TTT
1690,4,4,1,5070,CGA
1691,7,1,1,5073,AAG
1692,6,2,1,5076,AGA
1693,7,1,1,5079,AAA
1694,6,2,1,5082,TTG
1695,6,3,0,5085,ACC
1696,7,2,0,5088,ATC
1697,9,0,0,5091,ATG
1698,8,1,0,5094,GAC
1699,6,3,0,5097,CTC
1700,8,1,0,5100,CAC
1701,6,3,0,5103,CCA
1702,5,3,1,5106,GGA
1703,6,3,0,5109,GCG
1704,5,3,1,5112,GGA
1705,7,1,1,5115,AAG
1706,6,3,0,5118,ACG
1707,7,1,1,5121,AAG
1708,6,2,1,5124,AGA
1709,6,1,2,5127,TAC
1710,6,3,0,5130,CTT
1711,6,3,0,5133,CCG
1712,6,3,0,5136,GCC
1713,7,2,0,5139,ATA
1714,6,3,0,5142,GTC
1715,6,2,1,5145,AGA
1716,7,1,1,5148,GAG
1717,6,3,0,5151,GCT
1718,7,2,0,5154,ATA
1719,7,1,1,5157,AAA
1720,5,4,0,5160,CGG
1721,6,3,0,5163,GGC
1722,5,4,0,5166,CTG
1723,7,2,0,5169,AGG
1724,6,3,0,5172,ACA
1725,5,2,2,5175,TTA
1726,7,2,0,5178,ATC
1727,5,4,0,5181,CTG
1728,6,3,0,5184,GCC
1729,6,3,0,5187,CCC
1730,6,3,0,5190,ACT
1731,6,2,1,5193,AGA
1732,6,3,0,5196,GTC
1733,6,3,0,5199,GTG
1734,6,3,0,5202,GCA
1735,6,3,0,5205,GCT
1736,7,1,1,5208,GAA
1737,9,0,0,5211,ATG
1738,7,1,1,5214,GAG
1739,7,1,1,5217,GAA
1740,6,3,0,5220,GCC
1741,5,4,0,5223,CTA
1742,6,2,1,5226,AGA
1743,5,3,1,5229,GGA
1744,6,3,0,5232,CTT
1745,6,3,0,5235,CCA
1746,7,2,0,5238,ATA
1747,6,2,1,5241,AGA
1748,6,1,2,5244,TAC
1749,7,1,1,5247,CAA
1750,6,3,0,5250,ACC
1751,6,3,0,5253,CCA
1752,6,3,0,5256,GCC
1753,7,2,0,5259,ATC
1754,6,2,1,5262,AGA
1755,6,3,0,5265,GCT
1756,7,1,1,5268,GAG
1757,8,1,0,5271,CAC
1758,6,3,0,5274,ACC
1759,6,3,0,5277,GGG
1760,5,4,0,5280,CGG
1761,7,1,1,5283,GAG
1762,7,2,0,5286,ATT
1763,6,3,0,5289,GTG
1764,8,1,0,5292,GAC
1765,5,4,0,5295,CTA
1766,9,0,0,5298,ATG
1767,7,1,1,5301,TGT
1768,8,1,0,5304,CAT
1769,6,3,0,5307,GCC
1770,6,3,0,5310,ACA
1771,8,1,0,5313,TTC
1772,6,3,0,5316,ACT
1773,9,0,0,5319,ATG
1774,7,2,0,5322,AGG
1775,5,4,0,5325,CTG
1776,5,4,0,5328,CTA
1777,5,2,2,5331,TCA
1778,6,3,0,5334,CCA
1779,6,3,0,5337,GTT
1780,6,2,1,5340,AGA
1781,6,3,0,5343,GTG
1782,6,3,0,5346,CCA
1783,8,1,0,5349,AAT
1784,6,1,2,5352,TAC
1785,8,1,0,5355,AAC
1786,5,4,0,5358,CTG
1787,7,2,0,5361,ATC
1788,7,2,0,5364,ATC
1789,9,0,0,5367,ATG
1790,8,1,0,5370,GAC
1791,7,1,1,5373,GAA
1792,6,3,0,5376,GCC
1793,8,1,0,5379,CAT
1794,8,1,0,5382,TTC
1795,6,3,0,5385,ACA
1796,8,1,0,5388,GAC
1797,6,3,0,5391,CCA
1798,6,3,0,5394,GCA
1799,8,1,0,5397,AGT
1800,7,2,0,5400,ATA
1801,6,3,0,5403,GCG
1802,6,3,0,5406,GCT
1803,6,2,1,5409,AGA
1804,5,3,1,5412,GGA
1805,6,1,2,5415,TAC
1806,7,2,0,5418,ATC
1807,5,2,2,5421,TCA
1808,6,3,0,5424,ACT
1809,4,4,1,5427,CGA
1810,6,3,0,5430,GTA
1811,7,1,1,5433,GAG
1812,9,0,0,5436,ATG
1813,6,3,0,5439,GGT
1814,7,1,1,5442,GAG
1815,6,3,0,5445,GCA
1816,6,3,0,5448,GCT
1817,6,3,0,5451,GGG
1818,7,2,0,5454,ATT
1819,8,1,0,5457,TTC
1820,9,0,0,5460,ATG
1821,6,3,0,5463,ACA
1822,6,3,0,5466,GCC
1823,6,3,0,5469,ACT
1824,6,3,0,5472,CCT
1825,6,3,0,5475,CCG
1826,5,3,1,5478,GGA
1827,8,1,0,5481,AGC
1828,6,2,1,5484,AGA
1829,8,1,0,5487,GAC
1830,6,3,0,5490,CCA
1831,8,1,0,5493,TTC
1832,6,3,0,5496,CCT
1833,7,1,1,5499,CAG
1834,8,1,0,5502,AGC
1835,8,1,0,5505,AAT
1836,6,3,0,5508,GCA
1837,6,3,0,5511,CCA
1838,7,2,0,5514,ATC
1839,9,0,0,5517,ATG
1840,8,1,0,5520,GAT
1841,7,1,1,5523,GAA
1842,7,1,1,5526,GAA
1843,6,2,1,5529,AGA
1844,7,1,1,5532,GAA
1845,7,2,0,5535,ATC
1846,6,3,0,5538,CCT
1847,7,1,1,5541,GAA
1848,6,3,0,5544,CGT
1849,6,2,1,5547,TCG
1850,7,0,2,5550,TGG
1851,8,1,0,5553,AGT
1852,7,2,0,5556,TCT
1853,5,3,1,5559,GGA
1854,8,1,0,5562,CAT
1855,7,1,1,5565,GAG
1856,7,0,2,5568,TGG
1857,6,3,0,5571,GTC
1858,6,3,0,5574,ACG
1859,8,1,0,5577,GAT
1860,8,1,0,5580,TTT
1861,7,1,1,5583,AAA
1862,6,3,0,5586,GGG
1863,7,1,1,5589,AAG
1864,6,3,0,5592,ACT
1865,6,3,0,5595,GTT
1866,7,0,2,5598,TGG
1867,8,1,0,5601,TTC
1868,6,3,0,5604,GTT
1869,6,3,0,5607,CCA
1870,8,1,0,5610,AGT
1871,7,2,0,5613,ATA
1872,7,1,1,5616,AAA
1873,6,3,0,5619,GCA
1874,5,3,1,5622,GGA
1875,8,1,0,5625,AAT
1876,8,1,0,5628,GAT
1877,7,2,0,5631,ATA
1878,6,3,0,5634,GCA
1879,6,3,0,5637,GCT
1880,7,1,1,5640,TGC
1881,5,4,0,5643,CTG
1882,6,2,1,5646,AGA
1883,7,1,1,5649,AAA
1884,8,1,0,5652,AAT
1885,5,3,1,5655,GGA
1886,7,1,1,5658,AAG
1887,7,1,1,5661,AAA
1888,6,3,0,5664,GTG
1889,7,2,0,5667,ATA
1890,7,1,1,5670,CAA
1891,6,3,0,5673,CTC
1892,8,1,0,5676,AGT
1893,7,2,0,5679,AGG
1894,7,1,1,5682,AAG
1895,6,3,0,5685,ACC
1896,8,1,0,5688,TTT
1897,8,1,0,5691,GAT
1898,7,2,0,5694,TCT
1899,7,1,1,5697,GAG
1900,6,1,2,5700,TAT
1901,6,3,0,5703,GTC
1902,7,1,1,5706,AAG
1903,6,3,0,5709,ACT
1904,6,2,1,5712,AGA
1905,6,3,0,5715,ACC
1906,8,1,0,5718,AAT
1907,8,1,0,5721,GAT
1908,7,0,2,5724,TGG
1909,8,1,0,5727,GAC
1910,8,1,0,5730,TTC
1911,6,3,0,5733,GTG
1912,6,3,0,5736,GTC
1913,6,3,0,5739,ACA
1914,6,3,0,5742,ACT
1915,8,1,0,5745,GAC
1916,7,2,0,5748,ATT
1917,5,2,2,5751,TCA
1918,7,1,1,5754,GAA
1919,9,0,0,5757,ATG
1920,6,3,0,5760,GGT
1921,6,3,0,5763,GCC
1922,8,1,0,5766,AAC
1923,8,1,0,5769,TTC
1924,7,1,1,5772,AAG
1925,6,3,0,5775,GCT
1926,7,1,1,5778,GAG
1927,7,2,0,5781,AGG
1928,6,3,0,5784,GTT
1929,7,2,0,5787,ATA
1930,8,1,0,5790,GAC
1931,6,3,0,5793,CCC
1932,6,2,1,5796,AGA
1933,6,3,0,5799,CGC
1934,7,1,1,5802,TGC
1935,9,0,0,5805,ATG
1936,7,1,1,5808,AAA
1937,6,3,0,5811,CCA
1938,6,3,0,5814,GTT
1939,7,2,0,5817,ATA
1940,5,4,0,5820,CTA
1941,6,3,0,5823,ACA
1942,8,1,0,5826,GAT
1943,6,3,0,5829,GGT
1944,7,1,1,5832,GAA
1945,7,1,1,5835,GAG
1946,5,4,0,5838,CGG
1947,6,3,0,5841,GTG
1948,7,2,0,5844,ATC
1949,5,4,0,5847,CTG
1950,6,3,0,5850,GCA
1951,5,3,1,5853,GGA
1952,6,3,0,5856,CCT
1953,9,0,0,5859,ATG
1954,6,3,0,5862,CCA
1955,6,3,0,5865,GTG
1956,6,3,0,5868,ACC
1957,8,1,0,5871,CAC
1958,7,2,0,5874,TCT
1959,8,1,0,5877,AGT
1960,6,3,0,5880,GCA
1961,6,3,0,5883,GCA
1962,7,1,1,5886,CAA
1963,6,2,1,5889,AGA
1964,6,2,1,5892,AGA
1965,6,3,0,5895,GGG
1966,6,2,1,5898,AGA
1967,7,2,0,5901,ATA
1968,5,3,1,5904,GGA
1969,6,2,1,5907,AGA
1970,8,1,0,5910,AAT
1971,6,3,0,5913,CCA
1972,7,1,1,5916,AAA
1973,8,1,0,5919,AAT
1974,7,1,1,5922,GAA
1975,8,1,0,5925,AAT
1976,8,1,0,5928,GAC
1977,7,1,1,5931,CAG
1978,6,1,2,5934,TAC
1979,7,2,0,5937,ATA
1980,6,1,2,5940,TAC
1981,9,0,0,5943,ATG
1982,6,3,0,5946,GGG
1983,7,1,1,5949,GAA
1984,6,3,0,5952,CCT
1985,5,4,0,5955,CTG
1986,7,1,1,5958,GAA
1987,8,1,0,5961,AAT
1988,8,1,0,5964,GAT
1989,7,1,1,5967,GAA
1990,8,1,0,5970,GAC
1991,7,1,1,5973,TGT
1992,6,3,0,5976,GCA
1993,8,1,0,5979,CAC
1994,7,0,2,5982,TGG
1995,7,1,1,5985,AAA
1996,7,1,1,5988,GAA
1997,6,3,0,5991,GCT
1998,7,1,1,5994,AAA
1999,9,0,0,5997,ATG
2000,6,3,0,6000,CTC
2001,5,4,0,6003,CTA
2002,8,1,0,6006,GAT
2003,8,1,0,6009,AAC
2004,7,2,0,6012,ATC
2005,8,1,0,6015,AAC
2006,6,3,0,6018,ACA
2007,6,3,0,6021,CCT
2008,7,1,1,6024,GAA
2009,5,3,1,6027,GGA
2010,7,2,0,6030,ATC
2011,7,2,0,6033,ATT
2012,6,3,0,6036,CCT
2013,8,1,0,6039,AGC
2014,9,0,0,6042,ATG
2015,8,1,0,6045,TTC
2016,7,1,1,6048,GAA
2017,6,3,0,6051,CCA
2018,7,1,1,6054,GAG
2019,6,3,0,6057,CGT
2020,7,1,1,6060,GAA
2021,7,1,1,6063,AAG
2022,6,3,0,6066,GTG
2023,8,1,0,6069,GAT
2024,6,3,0,6072,GCC
2025,7,2,0,6075,ATT
2026,8,1,0,6078,GAT
2027,6,3,0,6081,GGT
2028,7,1,1,6084,GAA
2029,6,1,2,6087,TAC
2030,6,3,0,6090,CGC
2031,6,2,1,6093,TTG
2032,6,2,1,6096,AGA
2033,5,3,1,6099,GGA
2034,7,1,1,6102,GAA
2035,6,3,0,6105,GCA
2036,7,2,0,6108,AGG
2037,7,1,1,6111,AAA
2038,6,3,0,6114,ACC
2039,8,1,0,6117,TTT
2040,6,3,0,6120,GTG
2041,8,1,0,6123,GAC
2042,5,4,0,6126,CTA
2043,9,0,0,6129,ATG
2044,6,2,1,6132,AGA
2045,6,2,1,6135,AGA
2046,5,3,1,6138,GGA
2047,8,1,0,6141,GAC
2048,5,4,0,6144,CTA
2049,6,3,0,6147,CCA
2050,6,3,0,6150,GTC
2051,7,0,2,6153,TGG
2052,6,2,1,6156,TTG
2053,6,3,0,6159,GCC
2054,6,1,2,6162,TAC
2055,6,2,1,6165,AGA
2056,6,3,0,6168,GTG
2057,6,3,0,6171,GCA
2058,6,3,0,6174,GCT
2059,7,1,1,6177,GAA
2060,6,3,0,6180,GGC
2061,7,2,0,6183,ATC
2062,8,1,0,6186,AAC
2063,6,1,2,6189,TAC
2064,6,3,0,6192,GCA
2065,8,1,0,6195,GAC
2066,6,2,1,6198,AGA
2067,7,2,0,6201,AGG
2068,7,0,2,6204,TGG
2069,7,1,1,6207,TGT
2070,8,1,0,6210,TTT
2071,8,1,0,6213,GAT
2072,5,3,1,6216,GGA
2073,7,2,0,6219,ATT
2074,7,1,1,6222,AAG
2075,8,1,0,6225,AAC
2076,8,1,0,6228,AAC
2077,7,1,1,6231,CAA
2078,7,2,0,6234,ATC
2079,6,2,1,6237,TTG
2080,7,1,1,6240,GAA
2081,7,1,1,6243,GAA
2082,8,1,0,6246,AAT
2083,6,3,0,6249,GTG
2084,7,1,1,6252,GAG
2085,6,3,0,6255,GTG
2086,7,1,1,6258,GAA
2087,7,2,0,6261,ATC
2088,7,0,2,6264,TGG
2089,6,3,0,6267,ACA
2090,7,1,1,6270,AAA
2091,7,1,1,6273,GAA
2092,6,3,0,6276,GGG
2093,7,1,1,6279,GAA
2094,7,2,0,6282,AGG
2095,7,1,1,6285,AAG
2096,7,1,1,6288,AAA
2097,5,2,2,6291,TTA
2098,7,1,1,6294,AAA
2099,6,3,0,6297,CCC
2100,6,2,1,6300,AGA
2101,7,0,2,6303,TGG
2102,6,2,1,6306,TTG
2103,8,1,0,6309,GAT
2104,6,3,0,6312,GCC
2105,7,2,0,6315,AGG
2106,7,2,0,6318,ATC
2107,6,1,2,6321,TAC
2108,7,2,0,6324,TCT
2109,8,1,0,6327,GAC
2110,6,3,0,6330,CCA
2111,5,4,0,6333,CTG
2112,6,3,0,6336,ACG
2113,5,4,0,6339,CTA
2114,7,1,1,6342,AAG
2115,7,1,1,6345,GAA
2116,8,1,0,6348,TTC
2117,7,1,1,6351,AAG
2118,7,1,1,6354,GAG
2119,8,1,0,6357,TTT
2120,6,3,0,6360,GCA
2121,6,3,0,6363,GCT
2122,5,3,1,6366,GGA
2123,6,2,1,6369,AGA
2124,7,1,1,6372,AAG
2125,9,0,0,6375,TCC
2126,5,4,0,6378,CTG
2127,6,3,0,6381,ACC
2128,5,4,0,6384,CTG
2129,8,1,0,6387,AAC
2130,5,4,0,6390,CTA
2131,7,2,0,6393,ATC
2132,6,3,0,6396,ACA
2133,7,1,1,6399,GAA
2134,9,0,0,6402,ATG
2135,6,3,0,6405,GGT
2136,7,2,0,6408,AGG
2137,6,3,0,6411,CTT
2138,6,3,0,6414,CCA
2139,6,3,0,6417,ACT
2140,8,1,0,6420,TTC
2141,9,0,0,6423,ATG
2142,6,3,0,6426,ACT
2143,7,1,1,6429,CAG
2144,7,1,1,6432,AAG
2145,6,3,0,6435,GCA
2146,6,2,1,6438,AGA
2147,8,1,0,6441,GAC
2148,6,3,0,6444,GCA
2149,5,4,0,6447,CTG
2150,8,1,0,6450,GAC
2151,8,1,0,6453,AAC
2152,5,2,2,6456,TTA
2153,6,3,0,6459,GCA
2154,6,3,0,6462,GTG
2155,5,4,0,6465,CTG
2156,8,1,0,6468,CAC
2157,6,3,0,6471,ACG
2158,6,3,0,6474,GCT
2159,7,1,1,6477,GAA
2160,6,3,0,6480,GCA
2161,6,3,0,6483,GGT
2162,5,3,1,6486,GGA
2163,7,2,0,6489,AGG
2164,6,3,0,6492,GCG
2165,6,1,2,6495,TAC
2166,8,1,0,6498,AAT
2167,8,1,0,6501,CAT
2168,6,3,0,6504,GCT
2169,6,3,0,6507,CTC
2170,8,1,0,6510,AGT
2171,7,1,1,6513,GAA
2172,5,4,0,6516,CTG
2173,6,3,0,6519,CCG
2174,7,1,1,6522,GAG
2175,6,3,0,6525,ACC
2176,5,4,0,6528,CTG
2177,7,1,1,6531,GAG
2178,6,3,0,6534,ACA
2179,6,2,1,6537,TTG
2180,6,3,0,6540,CTT
2181,5,2,2,6543,TTA
2182,5,4,0,6546,CTG
2183,6,3,0,6549,ACA
2184,6,3,0,6552,CTT
2185,5,4,0,6555,CTG
2186,6,3,0,6558,GCT
2187,6,3,0,6561,ACA
2188,6,3,0,6564,GTC
2189,6,3,0,6567,ACA
2190,5,3,1,6570,GGA
2191,5,3,1,6573,GGA
2192,7,2,0,6576,ATC
2193,8,1,0,6579,TTT
2194,5,2,2,6582,TTA
2195,8,1,0,6585,TTC
2196,6,2,1,6588,TTG
2197,9,0,0,6591,ATG
2198,8,1,0,6594,AGC
2199,5,3,1,6597,GGA
2200,7,2,0,6600,AGG
2201,6,3,0,6603,GGT
2202,7,2,0,6606,ATA
2203,6,3,0,6609,GGG
2204,7,1,1,6612,AAG
2205,9,0,0,6615,ATG
2206,6,3,0,6618,ACC
2207,5,4,0,6621,CTG
2208,5,3,1,6624,GGA
2209,9,0,0,6627,ATG
2210,7,1,1,6630,TGC
2211,7,1,1,6633,TGC
2212,7,2,0,6636,ATA
2213,7,2,0,6639,ATC
2214,6,3,0,6642,ACG
2215,6,3,0,6645,GCT
2216,8,1,0,6648,AGT
2217,7,2,0,6651,ATT
2218,6,3,0,6654,CTC
2219,5,4,0,6657,CTA
2220,7,0,2,6660,TGG
2221,6,1,2,6663,TAC
2222,6,3,0,6666,GCA
2223,7,1,1,6669,CAA
2224,7,2,0,6672,ATA
2225,7,1,1,6675,CAG
2226,6,3,0,6678,CCA
2227,8,1,0,6681,CAC
2228,7,0,2,6684,TGG
2229,7,2,0,6687,ATA
2230,6,3,0,6690,GCA
2231,6,3,0,6693,GCT
2232,5,2,2,6696,TCA
2233,7,2,0,6699,ATA
2234,7,2,0,6702,ATA
2235,5,4,0,6705,CTG
2236,7,1,1,6708,GAG
2237,8,1,0,6711,TTT
2238,8,1,0,6714,TTT
2239,6,3,0,6717,CTC
2240,7,2,0,6720,ATA
2241,6,3,0,6723,GTT
2242,6,2,1,6726,TTG
2243,6,3,0,6729,CTT
2244,7,2,0,6732,ATT
2245,6,3,0,6735,CCA
2246,7,1,1,6738,GAA
2247,6,3,0,6741,CCA
2248,7,1,1,6744,GAA
2249,7,1,1,6747,AAG
2250,7,1,1,6750,CAG
2251,6,2,1,6753,AGA
2252,6,3,0,6756,ACA
2253,6,3,0,6759,CCC
2254,7,1,1,6762,CAA
2255,8,1,0,6765,GAT
2256,8,1,0,6768,AAC
2257,7,1,1,6771,CAA
2258,6,2,1,6774,TTG
2259,6,3,0,6777,ACC
2260,6,1,2,6780,TAC
2261,6,3,0,6783,GTT
2262,6,3,0,6786,GTC
2263,7,2,0,6789,ATA
2264,6,3,0,6792,GCC
2265,7,2,0,6795,ATC
2266,6,3,0,6798,CTC
2267,6,3,0,6801,ACA
2268,6,3,0,6804,GTG
2269,6,3,0,6807,GTG
2270,6,3,0,6810,GCC
2271,6,3,0,6813,GCA
2272,6,3,0,6816,ACC
2273,9,0,0,6819,ATG
2274,6,3,0,6822,GCA
2275,8,1,0,6825,AAC
2276,7,1,1,6828,GAG
2277,9,0,0,6831,ATG
2278,6,3,0,6834,GGT
2279,8,1,0,6837,TTC
2280,5,4,0,6840,CTG
2281,7,1,1,6843,GAA
2282,7,1,1,6846,AAA
2283,6,3,0,6849,ACG
2284,7,1,1,6852,AAG
2285,7,1,1,6855,AAA
2286,8,1,0,6858,GAT
2287,6,3,0,6861,CTC
2288,5,3,1,6864,GGA
2289,6,2,1,6867,TTG
2290,5,3,1,6870,GGA
2291,8,1,0,6873,AGC
2292,7,2,0,6876,ATT
2293,6,3,0,6879,ACA
2294,6,3,0,6882,ACC
2295,7,1,1,6885,CAG
2296,7,1,1,6888,CAA
2297,6,3,0,6891,CCC
2298,7,1,1,6894,GAG
2299,8,1,0,6897,AGC
2300,8,1,0,6900,AAC
2301,7,2,0,6903,ATC
2302,5,4,0,6906,CTG
2303,8,1,0,6909,GAC
2304,7,2,0,6912,ATA
2305,8,1,0,6915,GAT
2306,5,4,0,6918,CTA
2307,6,3,0,6921,CGT
2308,6,3,0,6924,CCC
2309,6,3,0,6927,GCA
2310,5,2,2,6930,TCA
2311,6,3,0,6933,GCA
2312,7,0,2,6936,TGG
2313,6,3,0,6939,ACG
2314,5,4,0,6942,CTG
2315,6,1,2,6945,TAT
2316,6,3,0,6948,GCT
2317,6,3,0,6951,GTG
2318,6,3,0,6954,GCC
2319,6,3,0,6957,ACA
2320,6,3,0,6960,ACA
2321,8,1,0,6963,TTT
2322,6,3,0,6966,GTC
2323,6,3,0,6969,ACA
2324,6,3,0,6972,CCA
2325,9,0,0,6975,ATG
2326,6,2,1,6978,TTG
2327,6,2,1,6981,AGA
2328,8,1,0,6984,CAC
2329,8,1,0,6987,AGC
2330,7,2,0,6990,ATT
2331,7,1,1,6993,GAA
2332,8,1,0,6996,AAT
2333,9,0,0,6999,TCC
2334,5,2,2,7002,TCA
2335,6,3,0,7005,GTG
2336,8,1,0,7008,AAC
2337,6,3,0,7011,GTG
2338,9,0,0,7014,TCC
2339,5,4,0,7017,CTA
2340,6,3,0,7020,ACA
2341,6,3,0,7023,GCT
2342,7,2,0,7026,ATT
2343,6,3,0,7029,GCC
2344,8,1,0,7032,AAC
2345,7,1,1,7035,CAA
2346,6,3,0,7038,GCC
2347,6,3,0,7041,ACA
2348,6,3,0,7044,GTG
2349,5,2,2,7047,TTA
2350,9,0,0,7050,ATG
2351,6,3,0,7053,GGT
2352,6,3,0,7056,CTT
2353,6,3,0,7059,GGG
2354,7,1,1,7062,AAA
2355,5,3,1,7065,GGA
2356,7,0,2,7068,TGG
2357,6,3,0,7071,CCA
2358,6,2,1,7074,TTG
2359,5,2,2,7077,TCA
2360,7,1,1,7080,AAG
2361,9,0,0,7083,ATG
2362,8,1,0,7086,GAC
2363,7,2,0,7089,ATC
2364,5,3,1,7092,GGA
2365,6,3,0,7095,GTT
2366,6,3,0,7098,CCC
2367,6,3,0,7101,CTT
2368,6,3,0,7104,CTC
2369,6,3,0,7107,GCC
2370,7,2,0,7110,ATT
2371,5,3,1,7113,GGA
2372,7,1,1,7116,TGC
2373,6,1,2,7119,TAC
2374,5,2,2,7122,TCA
2375,7,1,1,7125,CAA
2376,6,3,0,7128,GTC
2377,8,1,0,7131,AAC
2378,6,3,0,7134,CCC
2379,7,2,0,7137,ATA
2380,6,3,0,7140,ACT
2381,6,3,0,7143,CTC
2382,6,3,0,7146,ACA
2383,6,3,0,7149,GCA
2384,6,3,0,7152,GCT
2385,6,3,0,7155,CTT
2386,8,1,0,7158,TTC
2387,5,2,2,7161,TTA
2388,5,4,0,7164,CTG
2389,6,3,0,7167,GTA
2390,6,3,0,7170,GCA
2391,8,1,0,7173,CAT
2392,6,1,2,7176,TAT
2393,6,3,0,7179,GCC
2394,7,2,0,7182,ATC
2395,7,2,0,7185,ATA
2396,6,3,0,7188,GGG
2397,6,3,0,7191,CCA
2398,5,3,1,7194,GGA
2399,6,3,0,7197,CTC
2400,7,1,1,7200,CAA
2401,6,3,0,7203,GCA
2402,7,1,1,7206,AAA
2403,6,3,0,7209,GCA
2404,6,3,0,7212,ACC
2405,7,2,0,7215,AGG
2406,7,1,1,7218,GAA
2407,6,3,0,7221,GCT
2408,7,1,1,7224,CAG
2409,7,1,1,7227,AAA
2410,6,2,1,7230,AGA
2411,6,3,0,7233,GCA
2412,6,3,0,7236,GCA
2413,6,3,0,7239,GCG
2414,6,3,0,7242,GGC
2415,7,2,0,7245,ATC
2416,9,0,0,7248,ATG
2417,7,1,1,7251,AAA
2418,8,1,0,7254,AAC
2419,6,3,0,7257,CCA
2420,6,3,0,7260,ACT
2421,6,3,0,7263,GTC
2422,8,1,0,7266,GAT
2423,5,3,1,7269,GGA
2424,7,2,0,7272,ATA
2425,6,3,0,7275,ACA
2426,6,3,0,7278,GTG
2427,7,2,0,7281,ATT
2428,8,1,0,7284,GAC
2429,5,4,0,7287,CTA
2430,8,1,0,7290,GAT
2431,6,3,0,7293,CCA
2432,7,2,0,7296,ATA
2433,6,3,0,7299,CCC
2434,6,1,2,7302,TAT
2435,8,1,0,7305,GAT
2436,6,3,0,7308,CCA
2437,7,1,1,7311,AAG
2438,8,1,0,7314,TTT
2439,7,1,1,7317,GAA
2440,7,1,1,7320,AAG
2441,7,1,1,7323,CAG
2442,6,2,1,7326,TTG
2443,5,3,1,7329,GGA
2444,7,1,1,7332,CAA
2445,6,3,0,7335,GTA
2446,9,0,0,7338,ATG
2447,6,3,0,7341,CTC
2448,5,4,0,7344,CTA
2449,6,3,0,7347,GTC
2450,6,3,0,7350,CTC
2451,7,1,1,7353,TGC
2452,6,3,0,7356,GTG
2453,6,3,0,7359,ACT
2454,7,1,1,7362,CAA
2455,6,3,0,7365,GTG
2456,6,2,1,7368,TTG
2457,9,0,0,7371,ATG
2458,9,0,0,7374,ATG
2459,7,2,0,7377,AGG
2460,6,3,0,7380,ACT
2461,6,3,0,7383,ACA
2462,7,0,2,7386,TGG
2463,6,3,0,7389,GCT
2464,5,4,0,7392,CTG
2465,7,1,1,7395,TGT
2466,7,1,1,7398,GAG
2467,6,3,0,7401,GCG
2468,5,2,2,7404,TTA
2469,6,3,0,7407,ACC
2470,5,2,2,7410,TTA
2471,6,3,0,7413,GCG
2472,6,3,0,7416,ACC
2473,6,3,0,7419,GGG
2474,6,3,0,7422,CCT
2475,7,2,0,7425,ATC
2476,9,0,0,7428,TCC
2477,6,3,0,7431,ACA
2478,6,2,1,7434,TTG
2479,7,0,2,7437,TGG
2480,7,1,1,7440,GAA
2481,5,3,1,7443,GGA
2482,8,1,0,7446,AAT
2483,6,3,0,7449,CCA
2484,6,3,0,7452,GGG
2485,7,2,0,7455,AGG
2486,8,1,0,7458,TTT
2487,7,0,2,7461,TGG
2488,8,1,0,7464,AAC
2489,6,3,0,7467,ACT
2490,6,3,0,7470,ACC
2491,7,2,0,7473,ATT
2492,6,3,0,7476,GCA
2493,6,3,0,7479,GTG
2494,5,2,2,7482,TCA
2495,9,0,0,7485,ATG
2496,6,3,0,7488,GCT
2497,8,1,0,7491,AAC
2498,7,2,0,7494,ATT
2499,8,1,0,7497,TTT
2500,6,2,1,7500,AGA
2501,6,3,0,7503,GGG
2502,8,1,0,7506,AGT
2503,6,1,2,7509,TAC
2504,6,2,1,7512,TTG
2505,6,3,0,7515,GCC
2506,5,3,1,7518,GGA
2507,6,3,0,7521,GCT
2508,5,3,1,7524,GGA
2509,6,3,0,7527,CTT
2510,6,3,0,7530,CTC
2511,8,1,0,7533,TTT
2512,9,0,0,7536,TCC
2513,7,2,0,7539,ATC
2514,9,0,0,7542,ATG
2515,7,1,1,7545,AAG
2516,8,1,0,7548,AAC
2517,6,3,0,7551,ACA
2518,6,3,0,7554,ACC
2519,8,1,0,7557,AAC
2520,6,3,0,7560,ACG
2521,6,2,1,7563,AGA
2522,7,2,0,7566,AGG
2523,5,3,1,7569,GGA
2524,6,3,0,7572,ACT
2525,6,3,0,7575,GGC
2526,8,1,0,7578,AAC
2527,7,2,0,7581,ATA
2528,5,3,1,7584,GGA
2529,7,1,1,7587,GAG
2530,6,3,0,7590,ACG
2531,6,3,0,7593,CTT
2532,5,3,1,7596,GGA
2533,7,1,1,7599,GAG
2534,7,1,1,7602,AAA
2535,7,0,2,7605,TGG
2536,7,1,1,7608,AAA
2537,8,1,0,7611,AGC
2538,4,4,1,7614,CGA
2539,6,2,1,7617,TTG
2540,8,1,0,7620,AAC
2541,6,3,0,7623,GCA
2542,6,2,1,7626,TTG
2543,6,3,0,7629,GGG
2544,7,1,1,7632,AAA
2545,8,1,0,7635,AGT
2546,7,1,1,7638,GAA
2547,8,1,0,7641,TTC
2548,7,1,1,7644,CAG
2549,7,2,0,7647,ATC
2550,6,1,2,7650,TAC
2551,7,1,1,7653,AAG
2552,7,1,1,7656,AAA
2553,8,1,0,7659,AGT
2554,5,3,1,7662,GGA
2555,7,2,0,7665,ATC
2556,7,1,1,7668,CAG
2557,7,1,1,7671,GAA
2558,6,3,0,7674,GTG
2559,8,1,0,7677,GAT
2560,6,2,1,7680,AGA
2561,6,3,0,7683,ACC
2562,5,2,2,7686,TTA
2563,6,3,0,7689,GCA
2564,7,1,1,7692,AAA
2565,7,1,1,7695,GAA
2566,6,3,0,7698,GGC
2567,7,2,0,7701,ATT
2568,7,1,1,7704,AAA
2569,6,2,1,7707,AGA
2570,5,3,1,7710,GGA
2571,7,1,1,7713,GAA
2572,6,3,0,7716,ACG
2573,8,1,0,7719,GAC
2574,8,1,0,7722,CAT
2575,8,1,0,7725,CAC
2576,6,3,0,7728,GCT
2577,6,3,0,7731,GTG
2578,6,2,1,7734,TCG
2579,4,4,1,7737,CGA
2580,6,3,0,7740,GGC
2581,5,2,2,7743,TCA
2582,6,3,0,7746,GCA
2583,7,1,1,7749,AAA
2584,5,4,0,7752,CTG
2585,6,2,1,7755,AGA
2586,7,0,2,7758,TGG
2587,8,1,0,7761,TTC
2588,6,3,0,7764,GTC
2589,7,1,1,7767,GAG
2590,6,2,1,7770,AGA
2591,8,1,0,7773,AAT
2592,9,0,0,7776,ATG
2593,6,3,0,7779,GTC
2594,6,3,0,7782,ACA
2595,6,3,0,7785,CCA
2596,7,1,1,7788,GAA
2597,6,3,0,7791,GGG
2598,7,1,1,7794,AAA
2599,6,3,0,7797,GTA
2600,6,3,0,7800,GTG
2601,8,1,0,7803,GAC
2602,6,3,0,7806,CTC
2603,6,3,0,7809,GGT
2604,7,1,1,7812,TGC
2605,6,3,0,7815,GGC
2606,6,2,1,7818,AGA
2607,5,3,1,7821,GGA
2608,6,3,0,7824,GGC
2609,7,0,2,7827,TGG
2610,5,2,2,7830,TCA
2611,6,1,2,7833,TAC
2612,6,1,2,7836,TAT
2613,7,1,1,7839,TGT
2614,6,3,0,7842,GGG
2615,5,3,1,7845,GGA
2616,5,4,0,7848,CTA
2617,7,1,1,7851,AAG
2618,8,1,0,7854,AAT
2619,6,3,0,7857,GTA
2620,6,2,1,7860,AGA
2621,7,1,1,7863,GAA
2622,6,3,0,7866,GTC
2623,7,1,1,7869,AAA
2624,6,3,0,7872,GGC
2625,5,4,0,7875,CTG
2626,6,3,0,7878,ACA
2627,7,1,1,7881,AAA
2628,5,3,1,7884,GGA
2629,5,3,1,7887,GGA
2630,6,3,0,7890,CCA
2631,5,3,1,7893,GGA
2632,8,1,0,7896,CAT
2633,7,1,1,7899,GAA
2634,7,1,1,7902,GAA
2635,6,3,0,7905,CCC
2636,7,2,0,7908,ATC
2637,6,3,0,7911,CCC
2638,9,0,0,7914,ATG
2639,5,2,2,7917,TCA
2640,6,3,0,7920,ACA
2641,6,1,2,7923,TAT
2642,6,3,0,7926,GGG
2643,7,0,2,7929,TGG
2644,8,1,0,7932,AAT
2645,5,4,0,7935,CTA
2646,6,3,0,7938,GTA
2647,6,3,0,7941,CGT
2648,6,3,0,7944,CTT
2649,7,1,1,7947,CAA
2650,8,1,0,7950,AGT
2651,5,3,1,7953,GGA
2652,6,3,0,7956,GTT
2653,8,1,0,7959,GAC
2654,6,3,0,7962,GTT
2655,8,1,0,7965,TTC
2656,8,1,0,7968,TTC
2657,6,3,0,7971,ACT
2658,6,3,0,7974,CCG
2659,6,3,0,7977,CCA
2660,7,1,1,7980,GAA
2661,7,1,1,7983,AAG
2662,7,1,1,7986,TGT
2663,8,1,0,7989,GAC
2664,6,3,0,7992,ACA
2665,6,2,1,7995,TTG
2666,6,2,1,7998,TTG
2667,7,1,1,8001,TGT
2668,8,1,0,8004,GAC
2669,7,2,0,8007,ATA
2670,6,3,0,8010,GGG
2671,7,1,1,8013,GAG
2672,6,2,1,8016,TCG
2673,5,2,2,8019,TCA
2674,6,3,0,8022,CCA
2675,8,1,0,8025,AAT
2676,6,3,0,8028,CCC
2677,6,3,0,8031,ACG
2678,6,3,0,8034,GTA
2679,7,1,1,8037,GAA
2680,6,3,0,8040,GCA
2681,5,3,1,8043,GGA
2682,4,4,1,8046,CGA
2683,6,3,0,8049,ACA
2684,6,3,0,8052,CTC
2685,6,2,1,8055,AGA
2686,6,3,0,8058,GTC
2687,6,3,0,8061,CTT
2688,8,1,0,8064,AAC
2689,5,2,2,8067,TTA
2690,6,3,0,8070,GTG
2691,7,1,1,8073,GAA
2692,8,1,0,8076,AAT
2693,7,0,2,8079,TGG
2694,6,2,1,8082,TTG
2695,8,1,0,8085,AAC
2696,8,1,0,8088,AAC
2697,8,1,0,8091,AAC
2698,6,3,0,8094,ACC
2699,7,1,1,8097,CAA
2700,8,1,0,8100,TTT
2701,7,1,1,8103,TGC
2702,7,2,0,8106,ATA
2703,7,1,1,8109,AAG
2704,6,3,0,8112,GTT
2705,6,3,0,8115,CTC
2706,8,1,0,8118,AAC
2707,6,3,0,8121,CCA
2708,6,1,2,8124,TAC
2709,9,0,0,8127,ATG
2710,6,3,0,8130,CCC
2711,5,2,2,8133,TCA
2712,6,3,0,8136,GTC
2713,7,2,0,8139,ATA
2714,7,1,1,8142,GAA
2715,7,1,1,8145,AAA
2716,9,0,0,8148,ATG
2717,7,1,1,8151,GAA
2718,6,3,0,8154,GCA
2719,5,4,0,8157,CTA
2720,7,1,1,8160,CAA
2721,7,2,0,8163,AGG
2722,7,1,1,8166,AAA
2723,6,1,2,8169,TAT
2724,5,3,1,8172,GGA
2725,5,3,1,8175,GGA
2726,6,3,0,8178,GCC
2727,5,2,2,8181,TTA
2728,6,3,0,8184,GTG
2729,7,2,0,8187,AGG
2730,8,1,0,8190,AAT
2731,6,3,0,8193,CCA
2732,6,3,0,8196,CTC
2733,5,2,2,8199,TCA
2734,4,4,1,8202,CGA
2735,8,1,0,8205,AAC
2736,9,0,0,8208,TCC
2737,6,3,0,8211,ACA
2738,8,1,0,8214,CAT
2739,7,1,1,8217,GAG
2740,9,0,0,8220,ATG
2741,6,1,2,8223,TAC
2742,7,0,2,8226,TGG
2743,6,3,0,8229,GTA
2744,9,0,0,8232,TCC
2745,8,1,0,8235,AAT
2746,6,3,0,8238,GCC
2747,9,0,0,8241,TCC
2748,6,3,0,8244,GGG
2749,8,1,0,8247,AAC
2750,7,2,0,8250,ATA
2751,6,3,0,8253,GTG
2752,5,2,2,8256,TCA
2753,5,2,2,8259,TCA
2754,6,3,0,8262,GTG
2755,8,1,0,8265,AAC
2756,9,0,0,8268,ATG
2757,7,2,0,8271,ATT
2758,5,2,2,8274,TCA
2759,7,2,0,8277,AGG
2760,9,0,0,8280,ATG
2761,6,2,1,8283,TTG
2762,7,2,0,8286,ATC
2763,8,1,0,8289,AAC
2764,6,2,1,8292,AGA
2765,8,1,0,8295,TTC
2766,6,3,0,8298,ACA
2767,9,0,0,8301,ATG
2768,6,2,1,8304,AGA
2769,8,1,0,8307,CAC
2770,7,1,1,8310,AAG
2771,7,1,1,8313,AAA
2772,6,3,0,8316,GCC
2773,6,3,0,8319,ACT
2774,6,1,2,8322,TAC
2775,7,1,1,8325,GAG
2776,6,3,0,8328,CCA
2777,8,1,0,8331,GAT
2778,6,3,0,8334,GTA
2779,8,1,0,8337,GAC
2780,6,3,0,8340,CTC
2781,5,3,1,8343,GGA
2782,8,1,0,8346,AGC
2783,5,3,1,8349,GGA
2784,6,3,0,8352,ACC
2785,6,3,0,8355,CGC
2786,8,1,0,8358,AAC
2787,7,2,0,8361,ATC
2788,5,3,1,8364,GGA
2789,7,2,0,8367,ATT
2790,7,1,1,8370,GAA
2791,8,1,0,8373,AGT
2792,7,1,1,8376,GAG
2793,7,2,0,8379,ATA
2794,6,3,0,8382,CCA
2795,8,1,0,8385,AAC
2796,5,4,0,8388,CTA
2797,8,1,0,8391,GAC
2798,7,2,0,8394,ATA
2799,7,2,0,8397,ATC
2800,6,3,0,8400,GGG
2801,7,1,1,8403,AAA
2802,6,2,1,8406,AGA
2803,7,2,0,8409,ATA
2804,7,1,1,8412,GAA
2805,7,1,1,8415,AAA
2806,7,2,0,8418,ATA
2807,7,1,1,8421,AAA
2808,7,1,1,8424,CAA
2809,7,1,1,8427,GAG
2810,8,1,0,8430,CAT
2811,7,1,1,8433,GAA
2812,6,3,0,8436,ACA
2813,5,2,2,8439,TCA
2814,7,0,2,8442,TGG
2815,8,1,0,8445,CAC
2816,6,1,2,8448,TAT
2817,8,1,0,8451,GAC
2818,7,1,1,8454,CAA
2819,8,1,0,8457,GAC
2820,8,1,0,8460,CAC
2821,6,3,0,8463,CCA
2822,6,1,2,8466,TAC
2823,7,1,1,8469,AAA
2824,6,3,0,8472,ACG
2825,7,0,2,8475,TGG
2826,6,3,0,8478,GCT
2827,6,1,2,8481,TAC
2828,8,1,0,8484,CAT
2829,6,3,0,8487,GGC
2830,8,1,0,8490,AGC
2831,6,1,2,8493,TAT
2832,7,1,1,8496,GAA
2833,6,3,0,8499,ACA
2834,7,1,1,8502,AAA
2835,7,1,1,8505,CAA
2836,6,3,0,8508,ACT
2837,5,3,1,8511,GGA
2838,5,2,2,8514,TCA
2839,6,3,0,8517,GCA
2840,5,2,2,8520,TCA
2841,9,0,0,8523,TCC
2842,9,0,0,8526,ATG
2843,6,3,0,8529,GTG
2844,8,1,0,8532,AAC
2845,5,3,1,8535,GGA
2846,6,3,0,8538,GTG
2847,6,3,0,8541,GTC
2848,6,2,1,8544,AGA
2849,5,4,0,8547,CTG
2850,5,4,0,8550,CTG
2851,6,3,0,8553,ACA
2852,7,1,1,8556,AAA
2853,6,3,0,8559,CCT
2854,7,0,2,8562,TGG
2855,8,1,0,8565,GAC
2856,6,3,0,8568,GTC
2857,6,3,0,8571,GTC
2858,6,3,0,8574,CCC
2859,9,0,0,8577,ATG
2860,6,3,0,8580,GTG
2861,6,3,0,8583,ACA
2862,7,1,1,8586,CAG
2863,9,0,0,8589,ATG
2864,6,3,0,8592,GCA
2865,9,0,0,8595,ATG
2866,6,3,0,8598,ACA
2867,8,1,0,8601,GAC
2868,6,3,0,8604,ACG
2869,6,3,0,8607,ACT
2870,6,3,0,8610,CCA
2871,8,1,0,8613,TTT
2872,5,3,1,8616,GGA
2873,7,1,1,8619,CAA
2874,7,1,1,8622,CAG
2875,6,3,0,8625,CGC
2876,6,3,0,8628,GTT
2877,8,1,0,8631,TTT
2878,7,1,1,8634,AAA
2879,7,1,1,8637,GAA
2880,7,1,1,8640,AAA
2881,6,3,0,8643,GTG
2882,8,1,0,8646,GAC
2883,6,3,0,8649,ACG
2884,6,2,1,8652,AGA
2885,6,3,0,8655,ACC
2886,7,1,1,8658,CAA
2887,7,1,1,8661,GAA
2888,6,3,0,8664,CCG
2889,7,1,1,8667,AAA
2890,7,1,1,8670,GAA
2891,6,3,0,8673,GGC
2892,6,3,0,8676,ACA
2893,7,1,1,8679,AAG
2894,7,1,1,8682,AAA
2895,5,4,0,8685,CTA
2896,9,0,0,8688,ATG
2897,7,1,1,8691,AAA
2898,7,2,0,8694,ATC
2899,6,3,0,8697,ACG
2900,6,3,0,8700,GCA
2901,7,1,1,8703,GAG
2902,7,0,2,8706,TGG
2903,6,3,0,8709,CTT
2904,7,0,2,8712,TGG
2905,7,1,1,8715,AAA
2906,7,1,1,8718,GAA
2907,5,4,0,8721,CTA
2908,6,3,0,8724,GGG
2909,7,1,1,8727,AAG
2910,7,1,1,8730,AAA
2911,7,1,1,8733,AAG
2912,6,3,0,8736,ACA
2913,6,3,0,8739,CCT
2914,7,2,0,8742,AGG
2915,9,0,0,8745,ATG
2916,7,1,1,8748,TGC
2917,6,3,0,8751,ACT
2918,6,2,1,8754,AGA
2919,7,1,1,8757,GAA
2920,7,1,1,8760,GAA
2921,8,1,0,8763,TTC
2922,6,3,0,8766,ACA
2923,6,2,1,8769,AGA
2924,7,1,1,8772,AAG
2925,6,3,0,8775,GTG
2926,6,2,1,8778,AGA
2927,8,1,0,8781,AGC
2928,8,1,0,8784,AAT
2929,6,3,0,8787,GCA
2930,6,3,0,8790,GCC
2931,6,2,1,8793,TTG
2932,6,3,0,8796,GGG
2933,6,3,0,8799,GCC
2934,7,2,0,8802,ATA
2935,8,1,0,8805,TTC
2936,6,3,0,8808,ACT
2937,8,1,0,8811,GAT
2938,7,1,1,8814,GAG
2939,8,1,0,8817,AAC
2940,7,1,1,8820,AAG
2941,7,0,2,8823,TGG
2942,7,1,1,8826,AAG
2943,6,2,1,8829,TCG
2944,6,3,0,8832,GCA
2945,6,3,0,8835,CGT
2946,7,1,1,8838,GAG
2947,6,3,0,8841,GCT
2948,6,3,0,8844,GTT
2949,7,1,1,8847,GAA
2950,8,1,0,8850,GAT
2951,8,1,0,8853,AGT
2952,7,2,0,8856,AGG
2953,8,1,0,8859,TTT
2954,7,0,2,8862,TGG
2955,7,1,1,8865,GAG
2956,5,4,0,8868,CTG
2957,6,3,0,8871,GTT
2958,8,1,0,8874,GAC
2959,7,1,1,8877,AAG
2960,7,1,1,8880,GAA
2961,7,2,0,8883,AGG
2962,8,1,0,8886,AAT
2963,6,3,0,8889,CTC
2964,8,1,0,8892,CAT
2965,6,3,0,8895,CTT
2966,7,1,1,8898,GAA
2967,5,3,1,8901,GGA
2968,7,1,1,8904,AAG
2969,7,1,1,8907,TGT
2970,7,1,1,8910,GAA
2971,6,3,0,8913,ACA
2972,7,1,1,8916,TGT
2973,6,3,0,8919,GTG
2974,6,1,2,8922,TAT
2975,8,1,0,8925,AAC
2976,9,0,0,8928,ATG
2977,9,0,0,8931,ATG
2978,5,3,1,8934,GGA
2979,7,1,1,8937,AAA
2980,6,2,1,8940,AGA
2981,7,1,1,8943,GAG
2982,7,1,1,8946,AAG
2983,7,1,1,8949,AAG
2984,5,4,0,8952,CTA
2985,6,3,0,8955,GGG
2986,7,1,1,8958,GAG
2987,8,1,0,8961,TTC
2988,6,3,0,8964,GGC
2989,7,1,1,8967,AAG
2990,6,3,0,8970,GCA
2991,7,1,1,8973,AAA
2992,6,3,0,8976,GGC
2993,8,1,0,8979,AGC
2994,6,2,1,8982,AGA
2995,6,3,0,8985,GCC
2996,7,2,0,8988,ATA
2997,7,0,2,8991,TGG
2998,6,1,2,8994,TAC
2999,9,0,0,8997,ATG
3000,7,0,2,9000,TGG
3001,6,3,0,9003,CTT
3002,5,3,1,9006,GGA
3003,6,3,0,9009,GCA
3004,6,3,0,9012,CGC
3005,8,1,0,9015,TTC
3006,5,2,2,9018,TTA
3007,7,1,1,9021,GAG
3008,8,1,0,9024,TTT
3009,7,1,1,9027,GAA
3010,6,3,0,9030,GCC
3011,5,4,0,9033,CTA
3012,5,3,1,9036,GGA
3013,8,1,0,9039,TTC
3014,6,2,1,9042,TTG
3015,8,1,0,9045,AAT
3016,7,1,1,9048,GAA
3017,8,1,0,9051,GAT
3018,8,1,0,9054,CAC
3019,7,0,2,9057,TGG
3020,8,1,0,9060,TTC
3021,9,0,0,9063,TCC
3022,6,2,1,9066,AGA
3023,7,1,1,9069,GAG
3024,8,1,0,9072,AAC
3025,9,0,0,9075,TCC
3026,6,2,1,9078,TTG
3027,8,1,0,9081,AGT
3028,5,3,1,9084,GGA
3029,6,3,0,9087,GTG
3030,7,1,1,9090,GAA
3031,5,3,1,9093,GGA
3032,7,1,1,9096,GAA
3033,6,3,0,9099,GGG
3034,5,4,0,9102,CTG
3035,8,1,0,9105,CAC
3036,7,1,1,9108,AAG
3037,5,4,0,9111,CTA
3038,6,3,0,9114,GGT
3039,6,1,2,9117,TAC
3040,7,2,0,9120,ATT
3041,5,2,2,9123,TTA
3042,6,2,1,9126,AGA
3043,8,1,0,9129,GAC
3044,6,3,0,9132,GTG
3045,8,1,0,9135,AGC
3046,7,1,1,9138,AAG
3047,7,1,1,9141,AAA
3048,7,1,1,9144,GAG
3049,5,3,1,9147,GGA
3050,5,3,1,9150,GGA
3051,6,3,0,9153,GCA
3052,9,0,0,9156,ATG
3053,6,1,2,9159,TAT
3054,6,3,0,9162,GCC
3055,8,1,0,9165,GAT
3056,8,1,0,9168,GAC
3057,6,3,0,9171,ACC
3058,6,3,0,9174,GCA
3059,5,3,1,9177,GGA
3060,7,0,2,9180,TGG
3061,8,1,0,9183,GAC
3062,6,3,0,9186,ACA
3063,6,2,1,9189,AGA
3064,7,2,0,9192,ATC
3065,6,3,0,9195,ACA
3066,5,4,0,9198,CTA
3067,7,1,1,9201,GAA
3068,8,1,0,9204,GAC
3069,5,4,0,9207,CTA
3070,7,1,1,9210,AAA
3071,8,1,0,9213,AAT
3072,7,1,1,9216,GAA
3073,7,1,1,9219,GAA
3074,9,0,0,9222,ATG
3075,6,3,0,9225,GTA
3076,6,3,0,9228,ACA
3077,8,1,0,9231,AAC
3078,8,1,0,9234,CAC
3079,9,0,0,9237,ATG
3080,7,1,1,9240,GAA
3081,5,3,1,9243,GGA
3082,7,1,1,9246,GAA
3083,8,1,0,9249,CAC
3084,7,1,1,9252,AAG
3085,7,1,1,9255,AAA
3086,5,4,0,9258,CTA
3087,6,3,0,9261,GCC
3088,7,1,1,9264,GAG
3089,6,3,0,9267,GCC
3090,7,2,0,9270,ATT
3091,8,1,0,9273,TTC
3092,7,1,1,9276,AAA
3093,5,2,2,9279,TTA
3094,6,3,0,9282,ACG
3095,6,1,2,9285,TAC
3096,7,1,1,9288,CAA
3097,8,1,0,9291,AAC
3098,7,1,1,9294,AAG
3099,6,3,0,9297,GTG
3100,6,3,0,9300,GTG
3101,6,3,0,9303,CGT
3102,6,3,0,9306,GTG
3103,7,1,1,9309,CAA
3104,6,2,1,9312,AGA
3105,6,3,0,9315,CCA
3106,6,3,0,9318,ACA
3107,6,3,0,9321,CCA
3108,6,2,1,9324,AGA
3109,6,3,0,9327,GGC
3110,6,3,0,9330,ACA
3111,6,3,0,9333,GTA
3112,9,0,0,9336,ATG
3113,8,1,0,9339,GAT
3114,7,2,0,9342,ATC
3115,7,2,0,9345,ATA
3116,6,2,1,9348,TCG
3117,6,2,1,9351,AGA
3118,6,2,1,9354,AGA
3119,8,1,0,9357,GAC
3120,7,1,1,9360,CAA
3121,6,2,1,9363,AGA
3122,6,3,0,9366,GGT
3123,8,1,0,9369,AGT
3124,5,3,1,9372,GGA
3125,7,1,1,9375,CAA
3126,6,3,0,9378,GTT
3127,6,3,0,9381,GGT
3128,6,3,0,9384,ACC
3129,6,1,2,9387,TAT
3130,5,3,1,9390,GGA
3131,6,3,0,9393,CTC
3132,8,1,0,9396,AAT
3133,6,3,0,9399,ACT
3134,8,1,0,9402,TTC
3135,6,3,0,9405,ACC
3136,8,1,0,9408,AAT
3137,9,0,0,9411,ATG
3138,7,1,1,9414,GAA
3139,6,3,0,9417,GCC
3140,7,1,1,9420,CAA
3141,5,4,0,9423,CTA
3142,7,2,0,9426,ATC
3143,6,2,1,9429,AGA
3144,7,1,1,9432,CAG
3145,9,0,0,9435,ATG
3146,7,1,1,9438,GAG
3147,5,3,1,9441,GGA
3148,7,1,1,9444,GAA
3149,5,3,1,9447,GGA
3150,6,3,0,9450,GTC
3151,8,1,0,9453,TTC
3152,7,1,1,9456,AAA
3153,8,1,0,9459,AGC
3154,7,2,0,9462,ATT
3155,7,1,1,9465,CAG
3156,8,1,0,9468,CAC
3157,5,4,0,9471,CTG
3158,6,3,0,9474,ACA
3159,6,3,0,9477,GTC
3160,6,3,0,9480,ACA
3161,7,1,1,9483,GAA
3162,7,1,1,9486,GAA
3163,7,2,0,9489,ATC
3164,6,3,0,9492,GCC
3165,6,3,0,9495,GTG
3166,7,1,1,9498,CAA
3167,8,1,0,9501,AAC
3168,7,0,2,9504,TGG
3169,5,2,2,9507,TTA
3170,6,3,0,9510,GCA
3171,6,2,1,9513,AGA
3172,6,3,0,9516,GTA
3173,6,3,0,9519,GGG
3174,6,3,0,9522,CGC
3175,7,1,1,9525,GAA
3176,7,2,0,9528,AGG
3177,5,2,2,9531,TTA
3178,5,2,2,9534,TCA
3179,6,2,1,9537,AGA
3180,9,0,0,9540,ATG
3181,6,3,0,9543,GCC
3182,7,2,0,9546,ATC
3183,8,1,0,9549,AGT
3184,5,3,1,9552,GGA
3185,8,1,0,9555,GAT
3186,8,1,0,9558,GAT
3187,7,1,1,9561,TGT
3188,6,3,0,9564,GTT
3189,6,3,0,9567,GTG
3190,7,1,1,9570,AAA
3191,6,3,0,9573,CCT
3192,5,2,2,9576,TTA
3193,8,1,0,9579,GAT
3194,8,1,0,9582,GAC
3195,7,2,0,9585,AGG
3196,8,1,0,9588,TTC
3197,6,3,0,9591,GCA
3198,8,1,0,9594,AGC
3199,6,3,0,9597,GCT
3200,5,2,2,9600,TTA
3201,6,3,0,9603,ACA
3202,6,3,0,9606,GCT
3203,5,4,0,9609,CTA
3204,8,1,0,9612,AAT
3205,8,1,0,9615,GAC
3206,9,0,0,9618,ATG
3207,5,3,1,9621,GGA
3208,7,1,1,9624,AAG
3209,6,3,0,9627,GTT
3210,7,2,0,9630,AGG
3211,7,1,1,9633,AAA
3212,8,1,0,9636,GAC
3213,7,2,0,9639,ATA
3214,7,1,1,9642,CAA
3215,7,1,1,9645,CAA
3216,7,0,2,9648,TGG
3217,7,1,1,9651,GAA
3218,6,3,0,9654,CCT
3219,5,2,2,9657,TCA
3220,6,2,1,9660,AGA
3221,5,3,1,9663,GGA
3222,7,0,2,9666,TGG
3223,8,1,0,9669,AAC
3224,8,1,0,9672,GAT
3225,7,0,2,9675,TGG
3226,6,3,0,9678,ACA
3227,7,1,1,9681,CAA
3228,6,3,0,9684,GTG
3229,6,3,0,9687,CCC
3230,8,1,0,9690,TTC
3231,7,1,1,9693,TGT
3232,5,2,2,9696,TCA
3233,8,1,0,9699,CAC
3234,8,1,0,9702,CAT
3235,8,1,0,9705,TTC
3236,8,1,0,9708,CAT
3237,7,1,1,9711,GAG
3238,5,2,2,9714,TTA
3239,7,2,0,9717,ATC
3240,9,0,0,9720,ATG
3241,7,1,1,9723,AAA
3242,8,1,0,9726,GAC
3243,6,3,0,9729,GGC
3244,6,3,0,9732,CGC
3245,6,3,0,9735,GTA
3246,6,3,0,9738,CTT
3247,6,3,0,9741,GTA
3248,6,3,0,9744,GTT
3249,6,3,0,9747,CCA
3250,7,1,1,9750,TGC
3251,6,2,1,9753,AGA
3252,8,1,0,9756,AAC
3253,7,1,1,9759,CAA
3254,8,1,0,9762,GAT
3255,7,1,1,9765,GAA
3256,5,4,0,9768,CTG
3257,7,2,0,9771,ATT
3258,6,3,0,9774,GGT
3259,6,2,1,9777,AGA
3260,6,3,0,9780,GCC
3261,4,4,1,9783,CGA
3262,7,2,0,9786,ATT
3263,9,0,0,9789,TCC
3264,7,1,1,9792,CAA
3265,5,3,1,9795,GGA
3266,6,3,0,9798,GCT
3267,6,3,0,9801,GGG
3268,7,0,2,9804,TGG
3269,7,2,0,9807,TCT
3270,6,2,1,9810,TTG
3271,4,4,1,9813,CGA
3272,7,1,1,9816,GAG
3273,6,3,0,9819,ACG
3274,6,3,0,9822,GCC
3275,7,1,1,9825,TGT
3276,6,2,1,9828,TTG
3277,6,3,0,9831,GGG
3278,7,1,1,9834,AAG
3279,9,0,0,9837,TCC
3280,6,1,2,9840,TAC
3281,6,3,0,9843,GCC
3282,7,1,1,9846,CAA
3283,9,0,0,9849,ATG
3284,7,0,2,9852,TGG
3285,8,1,0,9855,AGC
3286,6,2,1,9858,TTG
3287,9,0,0,9861,ATG
3288,6,1,2,9864,TAC
3289,8,1,0,9867,TTC
3290,8,1,0,9870,CAC
3291,6,2,1,9873,AGA
3292,6,3,0,9876,CGT
3293,8,1,0,9879,GAC
3294,6,3,0,9882,CTC
3295,7,2,0,9885,AGG
3296,5,4,0,9888,CTG
3297,6,3,0,9891,GCG
3298,6,3,0,9894,GCT
3299,8,1,0,9897,AAT
3300,6,3,0,9900,GCT
3301,7,2,0,9903,ATT
3302,7,1,1,9906,TGC
3303,6,2,1,9909,TCG
3304,6,3,0,9912,GCA
3305,6,3,0,9915,GTC
3306,6,3,0,9918,CCA
3307,5,2,2,9921,TCA
3308,8,1,0,9924,CAT
3309,7,0,2,9927,TGG
3310,6,3,0,9930,GTT
3311,6,3,0,9933,CCA
3312,6,3,0,9936,ACA
3313,8,1,0,9939,AGT
3314,6,2,1,9942,AGA
3315,6,3,0,9945,ACA
3316,6,3,0,9948,ACC
3317,7,0,2,9951,TGG
3318,9,0,0,9954,TCC
3319,7,2,0,9957,ATA
3320,8,1,0,9960,CAC
3321,6,3,0,9963,GCC
3322,7,1,1,9966,AAA
3323,8,1,0,9969,CAT
3324,7,1,1,9972,GAA
3325,7,0,2,9975,TGG
3326,9,0,0,9978,ATG
3327,6,3,0,9981,ACA
3328,6,3,0,9984,ACG
3329,7,1,1,9987,GAA
3330,8,1,0,9990,GAC
3331,9,0,0,9993,ATG
3332,5,4,0,9996,CTG
3333,6,3,0,9999,ACA
3334,6,3,0,10002,GTC
3335,7,0,2,10005,TGG
3336,8,1,0,10008,AAC
3337,7,2,0,10011,AGG
3338,6,3,0,10014,GTG
3339,7,0,2,10017,TGG
3340,7,2,0,10020,ATT
3341,7,1,1,10023,CAA
3342,7,1,1,10026,GAA
3343,8,1,0,10029,AAC
3344,6,3,0,10032,CCA
3345,7,0,2,10035,TGG
3346,9,0,0,10038,ATG
3347,7,1,1,10041,GAA
3348,8,1,0,10044,GAC
3349,7,1,1,10047,AAA
3350,6,3,0,10050,ACT
3351,6,3,0,10053,CCA
3352,6,3,0,10056,GTG
3353,7,1,1,10059,GAA
3354,5,2,2,10062,TCA
3355,7,0,2,10065,TGG
3356,7,1,1,10068,GAG
3357,7,1,1,10071,GAA
3358,7,2,0,10074,ATC
3359,6,3,0,10077,CCA
3360,6,1,2,10080,TAC
3361,6,2,1,10083,TTG
3362,6,3,0,10086,GGG
3363,7,1,1,10089,AAA
3364,6,2,1,10092,AGA
3365,7,1,1,10095,GAA
3366,8,1,0,10098,GAC
3367,7,1,1,10101,CAA
3368,7,0,2,10104,TGG
3369,7,1,1,10107,TGC
3370,6,3,0,10110,GGC
3371,5,2,2,10113,TCA
3372,6,2,1,10116,TTG
3373,7,2,0,10119,ATT
3374,6,3,0,10122,GGG
3375,5,4,0,10125,CTA
3376,6,3,0,10128,ACA
3377,8,1,0,10131,AGC
3378,7,2,0,10134,AGG
3379,6,3,0,10137,GCC
3380,6,3,0,10140,ACC
3381,7,0,2,10143,TGG
3382,6,3,0,10146,GCA
3383,7,1,1,10149,AAG
3384,8,1,0,10152,AAC
3385,7,2,0,10155,ATC
3386,7,1,1,10158,CAA
3387,6,3,0,10161,ACA
3388,6,3,0,10164,GCA
3389,7,2,0,10167,ATA
3390,8,1,0,10170,AAT
3391,7,1,1,10173,CAA
3392,6,3,0,10176,GTT
3393,6,2,1,10179,AGA
3394,9,0,0,10182,TCC
3395,6,3,0,10185,CTT
3396,7,2,0,10188,ATA
3397,6,3,0,10191,GGC
3398,8,1,0,10194,AAT
3399,7,1,1,10197,GAG
3400,7,1,1,10200,GAA
3401,6,1,2,10203,TAC
3402,6,3,0,10206,ACA
3403,8,1,0,10209,GAT
3404,6,1,2,10212,TAC
3405,9,0,0,10215,ATG
3406,6,3,0,10218,CCA
3407,9,0,0,10221,TCC
3408,9,0,0,10224,ATG
3409,7,1,1,10227,AAA
3410,6,2,1,10230,AGA
3411,8,1,0,10233,TTC
3412,6,2,1,10236,AGA
3413,6,2,1,10239,AGA
3414,7,1,1,10242,GAA
3415,7,1,1,10245,GAG
3416,7,1,1,10248,GAA
3417,7,1,1,10251,GAG
3418,6,3,0,10254,GCA
3419,5,3,1,10257,GGA
3420,6,3,0,10260,GTC
3421,5,4,0,10263,CTG
3422,7,0,2,10266,TGG
